X,Y,Z
459129.25,109486.61,350.54
393927.15,41286.71,272.16
410227.32,35786.46,486.31
425429.14,132987.77,1309.31
428727.85,64786.38,764.5
450128.49,79486.35,709.3
389628.45,140888.58,2122.85
460929.68,124486.75,418.82
448728.78,92686.62,326.59
427629.66,147488.0,1154.06
613131.11,151682.41,190.63
429227.74,50886.27,759.19
502028.17,46485.46,834.18
495130.31,139286.05,1171.01
564930.89,133984.06,384.85
381628.27,127488.49,1550.47
502828.37,61485.41,698.2
495430.78,151986.27,1179.56
567131.39,151183.85,371.81
418728.95,133687.95,1527.01
438929.37,127587.34,740.56
560832.14,169484.03,358.3
439329.03,112487.01,944.6
420929.52,151288.23,1937.84
486128.43,68385.5,588.53
486128.12,54585.83,1053.28
491430.17,136286.07,1560.66
377528.16,128988.59,1604.17
529431.64,158785.26,833.96
492030.72,151486.35,1223.94
528931.04,144685.09,1285.46
425427.87,70486.44,781.54
443528.42,76486.34,690.84
445028.61,88486.68,684.47
424227.67,53186.37,810.56
549531.02,139484.6,250.82
521831.66,158785.39,883.8
501928.11,41585.34,837.86
549131.48,151484.54,286.37
521630.99,145085.3,1455.29
501428.21,55485.54,982.03
598532.85,193482.61,334.92
555931.96,166484.25,351.42
455628.92,96286.5,357.66
476329.17,103486.16,633.34
409627.5,50786.56,191.06
408627.59,64586.69,461.51
455228.54,79986.31,955.33
476129.64,118786.33,774.89
616930.97,149582.33,161.29
456029.52,121486.83,388.88
416327.42,39286.39,507.84
559931.85,162184.09,340.15
455129.14,105186.66,587.14
537931.23,143684.87,980.65
520628.66,64384.98,856.33
519928.4,46485.06,199.74
538031.62,160485.06,751.73
444929.06,109486.89,699.53
445628.61,88086.65,806.29
423129.3,139087.95,1200.18
443429.39,124987.22,657.06
445828.35,70986.21,698.18
490628.04,50885.61,744.19
489530.45,145886.39,1195.13
491728.41,65185.47,542.6
489830.14,133486.08,717.03
535631.05,142484.89,865.47
512028.24,34485.01,549.78
487030.7,151786.49,1193.17
533831.47,154485.18,702.29
486330.18,138686.35,1220.95
441028.67,93186.75,796.78
419027.57,49486.38,716.86
416429.28,146888.18,1492.66
420327.78,66886.49,631.31
418628.94,133487.95,1480.94
439428.38,78386.49,921.41
503230.68,145485.96,917.17
544631.41,150084.68,753.0
496228.19,54685.62,875.86
503131.28,160486.14,619.71
496028.51,67485.37,871.02
544930.77,133684.69,327.61
461428.7,83686.25,894.87
448129.18,112486.9,526.81
428229.72,150388.07,1773.01
459528.95,97986.45,314.76
390027.13,43486.78,118.73
427729.35,136487.8,814.32
448429.58,129487.15,511.1
551432.01,169284.51,419.74
512028.63,67685.09,327.24
510928.37,54985.21,656.96
502331.32,162986.19,892.4
468129.76,127786.68,1152.83
398428.6,136488.35,1435.18
399528.8,148488.55,1888.2
469029.51,115486.49,370.12
528330.59,132885.12,1007.93
479427.95,49385.71,1189.08
562631.57,154883.98,376.93
386827.89,100487.58,321.88
526631.1,146385.17,1508.36
562731.04,140484.06,236.72
477228.25,61485.76,1199.35
391627.08,36386.71,131.44
430127.65,44486.23,629.16
452429.22,110286.76,550.2
453729.68,127486.97,464.72
411928.93,139588.09,2408.86
431627.9,61486.31,699.44
416227.52,48586.42,495.02
435628.66,97086.84,881.8
436628.72,100486.86,945.19
470728.4,71585.84,744.42
582932.76,191983.18,384.23
531531.79,164185.16,880.52
473329.79,127486.53,1512.39
405128.72,136988.16,1774.8
434628.3,79486.59,958.72
436629.12,117087.18,898.68
416427.69,62286.54,524.6
405129.08,153388.56,1567.03
471628.73,87186.03,496.15
474929.37,109486.27,503.09
480227.78,43485.59,864.16
521728.32,38185.0,325.56
518230.46,132385.34,546.96
517528.64,64485.04,678.92
542431.14,142184.86,550.9
481630.29,142486.53,1839.49
479428.17,58485.69,857.43
519830.98,145485.38,1309.75
543831.5,154484.69,556.5
517128.43,52485.09,190.11
501331.47,168186.24,1460.97
464428.5,73585.97,825.78
539431.73,162584.95,914.74
547232.07,171384.71,507.47
463828.79,88586.3,499.59
560431.67,157484.06,324.77
506730.46,135285.65,586.27
530428.32,40284.94,347.26
558231.25,144984.28,245.98
508631.03,151185.86,492.88
506428.26,50985.36,848.91
510930.87,145585.76,639.88
508628.59,67085.17,543.93
508630.35,130485.52,518.55
463629.34,112286.55,543.55
462328.74,86086.29,779.55
540131.75,163484.91,821.02
464329.76,127486.73,1515.44
519931.7,160485.47,670.77
463328.45,70685.96,856.83
393928.5,139488.54,2016.06
483928.19,58985.73,920.45
517531.18,150185.55,1513.74
481727.78,44685.6,1173.37
515430.55,135785.45,828.32
434629.09,118487.27,1038.72
414129.07,142588.08,1590.41
473128.84,91486.05,406.39
434428.76,103686.97,761.44
529131.8,163385.23,885.36
474728.55,75785.81,738.92
569430.82,128183.98,551.77
405127.52,68186.79,535.9
410627.59,59786.6,470.38
410327.39,43686.53,352.98
524431.24,149485.22,1507.93
385928.29,121488.32,1352.47
499628.22,58485.55,857.95
477230.36,145486.64,1853.19
524430.68,136285.29,1055.85
502828.11,39985.27,735.26
498328.04,41785.39,641.34
400627.37,50686.75,98.56
402128.79,145888.39,1884.44
469628.83,94486.16,459.32
506431.46,166486.05,1282.8
468128.6,79086.0,718.78
402928.64,132788.14,2136.36
512731.23,153585.71,1219.29
554731.15,142384.42,249.86
511630.62,139185.64,867.39
555531.57,154484.29,399.61
468130.01,139486.78,1770.97
469928.27,57485.9,1077.35
400628.51,124388.07,1287.7
598631.32,151482.73,296.55
402928.35,106987.5,820.99
598830.66,138282.77,184.11
513929.08,80984.99,597.73
511730.05,116985.28,1078.95
552829.54,94084.26,298.64
514929.47,95885.03,470.97
510929.62,100485.16,706.85
551429.11,76584.37,400.46
569731.16,145483.82,312.17
432629.81,148487.94,1939.98
571531.55,158183.64,329.47
433029.33,133487.62,652.22
528929.38,85484.78,170.12
580632.0,172383.2,202.52
497429.25,93085.45,482.13
582632.6,187083.18,358.93
528129.71,100384.8,608.66
385428.43,130488.44,1416.12
561730.72,129184.13,436.18
498828.8,76785.28,359.3
481629.56,113186.14,614.56
517629.23,83584.93,396.96
523030.17,119785.16,445.61
480029.94,130086.33,1418.47
523829.81,103884.85,925.22
518729.51,97584.98,532.74
412328.04,91487.01,1133.53
438928.03,54886.19,752.33
470530.19,144486.78,1505.92
407428.46,121487.87,1575.22
438428.22,67986.3,624.45
414127.82,73786.72,526.91
405128.31,105087.46,1046.93
587432.05,175382.95,221.12
509730.1,121485.41,304.76
557230.42,125084.14,867.59
510529.82,108385.29,775.06
586432.6,188183.05,407.47
463328.33,63285.9,1139.34
398427.6,80787.16,623.51
394528.37,117788.09,1183.83
396128.02,96087.41,630.43
396128.17,102887.53,778.35
462428.1,46685.76,1248.38
446627.77,38385.98,749.43
397528.21,103787.54,810.05
463430.04,143586.91,1731.29
398428.46,120988.05,1170.8
592031.7,166782.87,193.12
509529.61,100285.19,752.53
592432.28,181682.77,384.79
510329.15,85285.09,549.85
438129.71,139487.58,1079.21
411928.62,125387.87,1192.63
416127.84,73186.65,604.05
404528.26,103287.42,992.63
407328.03,94487.16,1299.14
587431.49,158783.12,185.0
412528.53,112087.47,962.37
416328.08,88486.88,1086.1
471628.34,64485.86,1055.02
588631.11,145283.14,323.52
405128.43,118487.87,1124.72
405127.7,79487.05,380.41
479928.61,76885.67,767.18
517629.87,106485.03,618.86
577232.67,188383.38,413.98
522829.55,94484.85,523.79
542929.82,105084.47,477.11
480029.0,94485.95,729.19
522129.26,82484.87,363.56
577232.16,175483.3,212.83
518230.22,124485.35,291.38
542430.29,118784.63,357.18
526629.88,107184.79,721.38
497830.14,127485.74,861.38
479228.43,72185.71,925.78
528530.31,123185.03,331.78
499429.92,114785.6,886.13
478228.75,85585.84,523.65
433628.1,67186.36,720.24
454129.81,134686.97,2106.24
430028.23,81886.66,1122.5
430428.57,94686.92,864.33
432127.81,49786.24,708.47
515429.79,104785.09,852.41
589631.61,163183.01,184.21
552530.47,127584.41,516.46
513130.09,119885.29,535.11
589932.13,177782.86,315.25
402828.17,100187.38,926.68
465928.3,59785.92,1094.94
400727.7,82687.17,197.14
504129.23,90185.22,397.83
492929.96,120785.82,775.34
597931.96,172382.62,244.58
504128.79,74085.2,483.43
596432.47,185182.65,342.5
494729.54,104685.76,695.41
427628.2,84686.71,1212.1
451428.24,58486.01,1174.67
590631.12,145483.05,300.38
391628.41,128588.39,1748.91
456929.83,133486.88,1759.9
589631.55,160483.03,182.21
452428.08,46185.89,1444.35
425928.54,97587.01,872.52
537529.56,94284.67,432.89
483928.73,79485.58,585.58
486329.77,117886.04,926.01
537929.18,77284.66,582.55
573931.85,165883.52,289.08
483929.1,95485.84,664.1
487229.33,103385.9,469.87
578631.37,153883.37,326.72
416428.67,121787.71,1828.21
441729.86,142487.49,1877.87
438928.04,55486.19,662.27
578530.89,137183.61,408.95
439927.74,40486.1,642.83
417928.4,106487.33,681.21
422728.03,79486.64,859.44
424028.75,115487.46,1221.84
446728.28,62986.1,1066.8
577031.23,147883.46,303.05
447928.03,47385.93,1132.28
421128.35,94487.03,892.34
425428.58,102387.11,961.37
578230.8,130483.76,419.52
489130.0,123186.01,1424.6
531929.96,111684.8,670.56
588332.17,178482.9,308.16
529029.43,88484.8,352.47
489229.62,109485.84,683.26
531930.44,126885.01,454.32
529428.97,70984.8,978.17
587531.62,162683.1,186.38
583231.22,149383.3,322.65
583930.74,133783.47,331.04
548430.31,120884.44,369.06
521729.39,88384.87,348.24
540329.49,90684.61,317.26
501729.94,115185.56,992.19
547029.78,103484.42,441.73
522128.87,70684.9,519.66
500330.2,128685.7,854.17
540829.15,75884.63,769.5
601632.75,190182.41,296.36
547129.58,96884.45,645.58
551429.7,100484.39,547.67
540330.56,126684.76,539.26
501928.9,78885.23,513.55
547829.22,79784.45,621.04
600932.04,174882.47,265.87
550430.14,115484.42,485.77
537929.41,85784.65,158.29
501929.34,94485.35,463.81
542330.09,112484.6,605.31
594131.49,157182.85,175.25
387128.37,125688.37,1160.21
408127.73,76486.91,352.34
475230.2,140786.61,1466.35
594730.96,142482.92,217.42
586931.17,147183.19,326.03
408427.96,90487.08,1355.18
488829.22,97485.72,515.47
533029.07,73484.8,867.8
567632.03,167483.78,314.49
490628.9,83285.47,551.16
531129.51,91484.76,466.47
422928.55,105687.24,1040.91
575830.91,135983.72,330.39
423128.86,121487.62,1361.38
446929.94,143687.29,2083.25
576031.31,151483.42,337.09
443127.87,44286.03,488.21
416428.24,97487.19,1047.24
418528.03,83886.79,890.07
443428.14,58586.14,751.71
570931.71,161583.66,319.29
535630.55,128484.89,549.5
483929.32,104185.96,525.32
536830.03,112884.67,662.91
485529.88,121486.12,1078.32
605731.83,171482.38,230.13
393927.41,76487.22,287.38
457828.33,66985.96,847.95
459129.82,131886.84,1326.77
450127.97,43485.92,700.64
425628.69,108587.24,1043.49
456928.18,49985.88,1765.7
427628.99,123087.59,1571.62
450028.21,56586.05,1238.96
450129.91,142487.19,1396.66
505830.24,127385.56,327.94
503628.69,71685.21,587.37
496229.46,101185.62,852.69
494929.32,96785.56,704.31
505929.81,109485.42,546.27
504129.11,86485.21,364.04
497429.95,117185.68,1178.81
492928.85,80685.39,448.83
565430.71,125484.02,618.23
405628.39,108187.5,1050.65
438128.19,66686.27,607.6
434829.3,130487.49,1061.46
412827.87,79286.85,414.4
474528.28,58385.86,1216.27
470430.06,139786.73,1494.47
406028.52,124487.96,1984.54
412028.06,93787.06,1469.66
438927.99,52186.19,546.51
516629.75,103485.04,646.98
518829.51,97484.97,507.54
524129.87,106484.83,763.24
481629.85,124486.28,996.7
481828.5,73385.61,634.29
516030.05,115985.19,929.06
524130.22,121485.15,302.58
517629.2,82384.93,286.21
479429.49,112386.19,520.56
481628.84,86585.77,572.96
398028.15,100487.46,790.48
463628.28,59985.9,1020.91
397827.63,82587.16,162.45
586632.57,187483.04,401.19
508629.72,104885.28,891.2
594531.61,163282.79,178.29
556930.6,129984.28,617.28
509930.05,118485.36,832.04
585131.96,172483.05,196.48
595232.14,178182.66,344.15
513129.61,99985.11,593.75
552829.4,88484.28,210.91
513729.18,84485.0,504.44
441727.73,39186.07,553.26
402828.28,104187.45,913.28
467530.09,142486.81,1534.41
401328.48,119487.93,1047.63
386028.48,136488.55,1845.45
499628.94,82485.28,348.71
561230.54,124784.07,710.15
527729.65,97184.8,357.3
581232.72,190183.25,382.21
525729.79,103484.81,661.84
498129.38,97485.5,703.7
582132.11,175483.13,210.99
526729.23,79484.84,168.0
524830.15,117385.06,737.13
433929.65,139487.72,541.5
431629.15,127887.55,1381.25
411727.78,73186.77,382.79
571431.52,157383.64,319.65
431529.02,114287.23,1561.17
411027.97,88487.01,1296.12
569731.08,142083.83,225.9
431028.57,93886.91,857.73
432127.84,52586.25,641.76
450127.81,37485.89,835.6
453729.78,133486.97,1303.94
432228.06,68086.39,712.6
431528.22,78986.6,935.01
527330.21,118984.99,402.23
527229.81,104184.78,895.88
597731.18,147882.75,321.15
465928.32,61485.91,1021.89
402627.67,80187.11,567.3
398428.4,115887.95,770.82
402328.07,96187.3,848.49
398628.17,101487.47,792.72
555729.32,85484.22,301.44
514030.12,121485.31,266.2
551830.45,126484.4,669.61
513929.86,107785.18,904.41
509729.04,82185.09,440.66
508430.01,116585.38,1105.47
592432.27,181482.77,378.77
508629.44,95685.18,528.01
506429.59,100485.27,755.06
592131.68,166082.86,184.38
461729.99,142386.92,1366.63
465728.28,58485.92,1008.96
398428.48,124488.14,1632.16
396628.25,106487.66,612.32
447027.74,36085.93,770.7
542630.23,115784.68,397.89
517730.12,120185.27,537.08
576131.97,169783.39,227.33
522329.27,82684.87,366.93
479828.87,88485.85,604.67
542729.73,102184.49,698.03
524029.72,100484.87,570.99
576532.51,184583.38,385.16
519929.82,104484.93,815.0
480228.59,76285.66,738.55
472628.31,59985.89,1194.13
406827.85,85487.09,228.37
414028.53,115487.53,1081.92
406428.12,98487.28,1174.87
438929.61,136487.51,562.78
411928.7,129687.97,1329.62
587431.73,166183.06,189.49
531430.5,129185.02,593.48
490629.4,103585.83,527.5
587932.2,179182.9,339.94
532730.06,114584.81,578.81
489029.95,121486.0,1072.89
447528.0,46485.93,1042.3
422928.44,97587.08,820.63
421328.16,85486.79,1040.46
447928.21,58486.08,1075.28
540129.16,76484.63,736.59
500130.18,127485.71,783.46
522029.01,73884.96,349.33
548529.98,109184.42,269.78
501329.79,109485.51,577.19
542129.53,94484.55,353.72
520829.46,91484.88,534.69
547130.34,121784.46,374.31
389327.41,78087.32,205.77
474928.37,70285.77,600.13
584330.83,137183.39,293.86
456829.83,133486.88,1842.27
584931.28,151883.23,311.65
477028.12,54285.71,1158.29
388527.8,94487.49,210.07
452128.09,46585.9,1402.39
589631.48,157483.03,179.37
427628.65,101987.06,955.86
427328.55,96586.97,880.86
391728.41,127488.37,1050.67
457429.86,136486.92,1546.79
429729.0,115487.3,1258.9
427228.16,81886.65,1209.68
591930.96,142383.04,279.85
452428.24,61586.02,1138.34
393328.25,111987.96,664.17
492929.69,109485.77,841.95
598032.7,189882.61,324.74
544629.69,100584.46,481.55
505128.96,78785.18,458.17
597432.04,174782.59,292.53
493930.06,124485.79,939.76
545730.21,116184.57,317.29
505029.37,94385.26,462.72
416628.32,103487.31,953.11
579730.82,133583.64,371.0
417828.69,121487.69,1618.03
441129.87,142787.51,2009.99
578531.28,150483.4,299.35
485429.18,98585.83,508.42
573332.02,169383.51,338.97
537929.12,74784.68,806.63
486128.81,82485.58,368.67
535729.5,91384.7,349.06
606531.88,173982.3,218.84
485829.93,124186.14,1496.63
537830.02,112484.65,626.23
535629.44,88084.7,220.87
484129.51,108985.96,855.28
536130.53,127484.88,432.7
534229.04,72684.79,946.18
418328.0,82486.77,301.94
420828.68,115787.49,1617.47
442428.23,64486.16,904.55
582831.2,148483.32,289.53
443028.0,49486.07,789.9
418428.26,96887.13,1061.08
420028.35,101587.23,1057.85
581030.78,133383.59,367.63
494328.94,83785.4,439.07
505729.9,113085.45,699.99
494329.41,100485.66,657.79
504430.29,130485.57,502.28
427428.97,121487.57,1092.92
452429.97,144587.13,2039.84
456928.2,52485.9,1204.75
391727.79,91387.43,140.3
426028.64,104187.14,911.53
393227.35,73687.17,314.93
458928.41,69985.98,816.48
408827.93,88387.06,1219.59
594931.12,145482.88,247.36
408427.67,71186.81,300.65
388828.44,129688.41,1646.92
476030.12,137286.54,1893.09
594231.55,160482.82,177.16
541730.12,113284.64,684.76
500629.24,91485.33,439.3
601531.88,170882.55,255.31
546929.33,82984.46,313.93
501828.83,75885.23,535.83
541730.59,127984.72,519.31
548029.62,98484.44,688.84
601432.49,185082.4,304.35
576031.31,151483.42,337.09
422528.88,123087.64,1594.68
447929.91,142487.26,1496.35
445428.13,55486.13,841.9
576130.92,136683.7,293.37
444327.81,41586.03,656.15
422128.53,106487.28,986.76
531129.51,91484.76,466.47
490428.87,82385.47,460.62
490729.86,117785.88,857.79
569131.87,164383.72,324.95
533429.16,76484.76,355.61
488729.17,95285.68,607.03
492229.42,102685.77,682.97
443428.72,93486.72,458.3
424527.66,52186.36,789.0
420929.37,145487.99,1306.37
425127.82,67186.44,716.63
423129.07,132787.81,1359.31
443528.42,76486.34,690.84
531130.96,142484.98,1003.99
533428.55,58384.83,422.38
492030.72,151486.35,1223.94
530931.49,154485.23,675.25
492130.22,137686.09,1575.81
377828.13,127488.53,931.61
408627.59,64486.69,451.32
477029.63,118086.3,796.39
455028.63,83186.37,990.22
477129.12,101186.12,722.41
454629.03,100286.61,523.65
409027.42,47486.56,366.96
556032.05,168984.26,379.21
549131.4,148484.58,398.27
549230.81,134684.58,318.16
482427.73,39585.52,701.61
565931.26,147083.94,370.0
497230.68,149486.21,1694.29
502028.26,58485.47,938.04
565030.82,130584.06,389.4
495130.2,136485.94,767.78
380828.24,127688.51,1667.57
502028.17,46485.46,834.18
447928.66,88686.61,566.87
428027.74,52486.29,632.24
391628.5,144788.61,1857.17
459129.57,121486.75,377.32
427627.86,67886.43,743.96
411927.36,37486.47,401.86
555731.83,163184.28,367.22
448828.42,75786.27,691.85
459129.17,106286.58,314.38
488328.06,52285.71,967.3
485530.42,146086.5,1304.73
486128.36,65385.6,923.72
483930.06,132786.28,1019.14
439329.03,112387.01,954.29
443428.53,85886.66,575.95
419629.5,152488.27,2127.22
418629.1,139488.04,1685.9
560432.0,165784.03,336.41
438929.33,126387.33,833.23
443328.34,70786.26,1011.35
419727.8,68986.51,662.83
439628.35,75386.41,743.68
564931.9,163083.89,321.46
439828.61,91386.77,700.97
563332.46,178483.91,244.89
420927.64,54086.41,754.33
486330.16,136386.31,935.21
535631.62,160485.13,841.49
487930.66,150686.46,1130.33
510928.13,29684.96,579.61
534431.14,144984.93,1340.39
427729.37,136787.81,816.61
600932.86,193382.49,302.76
452428.4,72986.12,882.81
552931.9,166084.42,337.88
448029.53,127187.14,453.61
459128.94,97386.45,291.16
456929.1,103486.61,404.0
452228.67,86786.47,729.21
448529.16,110486.87,852.65
459228.58,79886.23,839.14
458729.45,118486.72,371.81
493030.16,133485.94,610.79
545330.97,139484.82,312.32
496128.51,67385.37,896.12
501931.08,156486.15,820.06
506428.23,42985.25,573.31
495130.55,146686.24,1180.07
497228.19,51885.56,665.2
544631.48,152984.66,1017.39
501930.49,142485.96,602.03
506428.31,55985.36,919.97
539231.44,154484.98,525.42
521528.52,52385.03,219.86
548730.66,131184.55,353.69
516228.29,32884.96,384.11
521428.67,64884.96,878.29
538331.17,142484.87,771.14
547331.39,148484.63,554.98
454629.19,107586.68,481.51
389427.12,43086.78,109.97
414227.38,36786.42,409.26
409429.0,144388.22,2711.26
455029.61,124486.9,421.73
455129.61,124486.9,421.73
618031.07,154482.21,240.61
490628.54,70485.36,570.79
530728.6,61484.87,431.6
490628.08,52485.67,545.55
424229.19,134787.84,1386.13
444129.53,128787.24,487.91
443429.12,114386.96,868.62
423129.56,150188.17,1819.3
515828.43,54585.12,221.74
542631.45,152084.72,1176.86
481630.29,142486.53,1839.49
542430.95,139484.88,314.4
517628.69,67484.98,381.37
403228.89,148488.43,1726.82
474629.56,115486.37,419.5
435428.37,82486.65,793.85
416027.67,60686.53,594.16
472629.82,128986.55,1639.76
531231.97,168385.1,692.25
405028.68,134488.1,2357.48
416127.48,45486.41,498.8
436528.72,100486.86,953.05
508631.13,153685.88,793.37
558331.04,140184.26,249.04
508630.61,139485.72,677.3
558131.62,156184.17,369.62
396828.63,145488.57,2566.21
465328.81,94486.27,325.09
547532.12,172584.71,401.07
463628.61,78686.1,872.92
501831.41,166486.21,1294.72
397528.55,132688.29,1537.77
400628.97,153688.67,1436.18
469629.38,111186.44,350.37
467828.75,87286.17,558.92
468229.76,127486.68,1001.14
467328.46,72385.91,860.81
587232.7,190783.03,401.11
399928.65,138488.34,2079.34
511028.34,51585.21,546.57
515431.01,147785.64,1089.04
512928.55,64485.08,464.55
514530.41,130485.4,586.62
454629.6,124486.92,421.53
430527.85,57886.29,635.79
409929.02,144688.22,2605.02
430127.62,40486.19,639.46
452629.18,107186.72,751.55
535631.66,161485.1,909.26
571930.83,128283.92,482.42
389427.06,37486.73,115.64
477228.25,60885.77,1238.19
564131.22,145184.01,304.29
526628.52,52484.99,243.52
563031.81,160383.96,285.71
479327.85,45385.66,1075.96
524728.83,68984.84,1170.94
497428.08,45085.45,789.87
524430.7,136685.29,1044.53
384928.37,126588.39,1260.46
479430.24,140686.54,1984.19
499628.29,60585.52,1093.2
524431.41,151785.23,1332.24
411927.48,48486.51,326.24
452629.0,99186.63,536.17
433928.75,103486.97,868.8
536131.75,163585.04,897.03
454528.64,83886.39,970.93
433629.07,115587.22,1381.31
411827.64,64186.63,469.45
555331.67,158084.29,412.13
513130.54,135585.51,914.79
553631.31,145484.46,255.92
512931.15,151485.74,1086.4
468128.49,74685.92,758.41
506431.48,167186.06,1374.29
564932.25,172483.87,233.43
469428.75,89086.12,476.25
521131.9,166485.52,853.88
465929.8,130086.74,1962.37
540131.91,168684.88,470.85
395728.53,135988.44,1962.92
463629.35,112486.55,526.79
508428.59,67485.17,471.7
507328.3,54585.34,1054.61
568230.71,125083.95,497.9
474928.58,76585.81,758.27
407927.31,37486.48,367.71
407428.7,133488.05,2194.63
412827.41,41186.47,447.6
436528.89,106787.0,708.2
407428.99,146588.29,1628.9
404827.43,50086.67,243.6
472728.89,94486.09,510.0
436629.2,124487.36,1124.47
414129.0,139788.04,2459.48
413827.61,56586.51,670.16
517630.72,138985.46,1221.44
522930.52,132985.29,560.57
481627.87,48085.69,1062.47
515431.24,151985.66,1510.56
523931.14,148085.23,1530.51
483128.24,61985.66,571.19
553130.25,120184.31,382.92
514430.04,115285.21,750.22
552329.8,105684.39,297.08
514330.4,130185.4,623.15
402927.94,91487.21,676.34
401827.58,76487.05,300.75
466228.4,67585.92,961.9
497430.12,126785.73,959.98
524729.39,87684.85,295.65
526629.95,111484.91,661.96
498229.76,109485.62,713.65
524628.9,70484.85,962.61
527730.4,126985.11,399.81
411528.5,115487.6,1107.45
430628.26,82786.67,1141.16
434028.0,63186.29,739.14
573831.23,148183.56,310.33
432127.8,49286.24,706.95
607631.3,154482.51,172.5
607731.29,154482.51,172.5
607631.3,154582.51,172.5
411828.29,103487.39,1028.7
430328.63,98686.94,760.17
571630.87,130583.9,338.57
587431.43,156583.12,183.63
472628.18,52485.75,915.76
474730.31,145786.71,1865.26
407428.01,93887.14,1404.13
412428.55,121487.74,1943.59
435927.99,56186.21,562.53
438929.81,141987.6,1453.12
406727.72,78586.99,429.09
471528.34,65085.86,1112.5
588230.99,142483.19,242.19
473829.96,133486.55,1877.84
435527.69,41186.16,767.11
412028.35,106487.42,754.02
518329.94,109585.04,597.57
577832.38,181383.31,356.71
522229.51,92784.86,548.29
516129.26,85684.96,475.94
482729.7,117786.17,894.46
481028.7,79985.66,670.03
524429.14,76484.94,215.77
577531.79,165983.38,305.66
517930.32,127485.33,364.72
517428.78,70784.96,300.05
481629.21,102086.0,709.17
479729.01,94785.97,747.77
397628.38,115387.96,938.3
396128.46,127588.28,2116.12
463229.9,135586.81,2518.54
603131.51,159882.54,167.01
585132.19,178283.0,316.7
509129.23,88585.14,351.81
592531.9,172482.84,191.25
582931.61,161783.25,252.03
509028.89,76485.09,357.76
592632.54,186982.83,362.08
557929.69,97884.21,287.49
506428.77,73385.15,387.9
586531.69,164083.12,193.26
510830.27,127085.45,442.43
507629.11,85485.15,545.51
510729.94,112385.29,666.48
587232.31,181382.96,338.82
558130.37,123284.11,541.63
397327.54,79287.19,404.63
464429.85,132586.77,2208.57
462528.36,66185.92,1020.76
463528.2,49785.85,1148.99
397528.0,93787.39,644.53
519828.94,73684.96,325.45
524230.37,128385.2,373.34
574531.6,160483.53,290.1
481629.27,103886.01,591.18
522830.09,115485.02,804.33
519629.44,91484.91,509.26
574832.3,178483.4,239.37
544629.46,88484.52,154.7
481129.78,121486.26,980.48
407428.65,129988.05,1749.25
472029.99,136086.64,2308.85
437027.77,43486.14,583.5
413728.21,99287.29,1163.84
407328.45,112687.61,712.49
411927.93,85486.96,295.23
437828.06,59286.2,708.83
453627.99,43485.88,1328.26
429928.81,108587.14,895.44
569930.96,136183.89,324.97
429929.01,122387.51,1662.82
434429.79,145287.83,2058.55
454628.21,58385.96,1212.97
569431.29,149283.75,280.44
528929.06,73584.81,788.62
580631.82,166483.29,206.61
562530.41,120983.98,463.47
580632.5,184283.24,331.29
528929.48,90584.79,373.42
600331.35,154482.66,188.07
399727.41,70786.96,336.24
402628.57,127188.1,1973.95
466529.91,136586.78,2411.33
599030.88,142482.72,208.53
398427.84,88187.29,154.86
402228.41,109787.59,634.86
553629.75,101484.36,550.29
551529.62,97484.34,321.22
513429.01,79184.99,459.59
551429.21,80184.34,252.3
513329.44,94285.05,363.93
426028.72,109487.25,952.5
427628.22,85486.73,965.37
457028.21,61485.93,774.07
389728.28,118488.23,1108.37
393527.55,82187.25,371.3
452329.81,138087.1,1660.75
425828.98,124487.63,1352.49
427628.0,73386.47,1250.33
390128.01,103487.66,642.12
393927.96,95387.42,554.98
457228.17,49485.87,1574.39
545829.42,85484.49,161.88
494729.26,94485.52,597.0
504430.08,121485.56,381.79
380628.38,133488.55,1926.07
494128.83,79485.36,384.8
565230.77,127584.05,464.39
504529.73,106485.41,1050.33
416628.13,90586.94,1249.69
443428.08,52986.15,727.6
443428.32,68486.22,1067.65
416727.85,73586.64,544.11
485029.63,113486.01,754.47
537330.2,118484.72,406.06
486129.99,127486.16,877.62
607131.72,169482.34,170.86
536429.75,103584.63,921.52
531329.4,85484.74,165.14
567232.14,169983.78,291.82
488429.09,91485.63,390.27
531629.71,100484.73,519.17
490628.64,74485.37,508.31
576131.12,144583.56,254.93
421228.69,115487.48,1476.16
575831.49,157983.49,315.41
447929.71,134887.22,1319.01
422529.01,130487.77,1141.11
521830.16,120285.21,412.23
540930.4,123184.67,380.17
501228.95,82485.25,507.83
601132.25,180382.41,294.29
547329.52,93984.44,321.16
522129.8,103484.89,828.39
501329.42,97485.42,736.02
541329.86,106784.51,513.47
547629.21,79484.46,584.9
601131.66,165182.57,172.62
454728.21,58285.95,1236.72
475930.33,145486.67,1878.73
387528.3,121488.31,1263.28
596431.34,151482.8,282.72
388127.99,107487.87,703.98
456027.99,43485.84,1384.9
595530.7,138082.93,185.17
437227.65,36786.1,874.48
389027.93,100487.53,498.39
407828.22,101687.36,1018.42
477028.0,49285.74,1000.59
583131.55,160483.25,230.13
584031.1,145383.32,319.93
477128.26,61485.77,1170.38
407428.41,117087.81,1449.57
542429.66,100084.51,456.96
500029.6,104085.55,890.4
547230.54,127484.52,789.92
603831.58,163382.49,167.84
501930.03,118985.59,735.91
542329.33,82484.58,157.99
549130.14,114884.44,483.17
603532.09,177982.35,272.55
444029.66,133487.31,553.55
446028.33,67486.15,1169.12
423128.03,79086.63,884.15
422028.39,94387.01,903.01
447428.07,50286.03,1167.99
532429.85,106684.67,725.24
379828.42,136788.59,2562.92
490628.54,70485.36,570.79
489930.04,124485.98,1122.96
531930.36,123884.95,361.17
492928.99,86285.47,412.67
490629.66,109685.81,777.53
484428.72,79085.57,685.26
534729.76,103484.66,966.64
537429.61,97484.66,411.53
485429.1,94385.76,680.87
534630.12,115784.75,512.45
536629.25,79584.67,340.47
571632.2,173683.55,215.89
442529.77,138287.43,1624.24
420427.82,70486.5,607.54
416628.78,127487.83,870.17
578631.38,154483.38,285.46
420328.23,88386.87,1054.33
417228.56,112487.39,1004.16
580230.95,139483.52,231.44
382628.47,136488.54,2231.91
494930.12,127485.81,611.91
596431.79,168182.75,178.9
596531.82,168882.75,178.9
506229.58,100185.27,842.45
596432.33,182682.62,332.98
494129.86,115485.75,637.96
506429.04,82985.17,433.09
433527.64,38586.15,818.16
450128.33,68886.13,598.88
427428.0,73586.48,1309.7
392128.1,105787.76,689.12
425728.4,89886.89,764.61
591331.31,149482.98,340.3
451928.18,52585.98,1312.66
456930.0,144887.05,1701.74
393328.35,118488.14,1186.84
545531.62,159784.63,477.54
497328.08,45285.46,796.27
381327.77,100487.74,187.55
524528.33,39785.0,327.59
503330.31,133885.65,624.64
497428.31,61485.52,725.11
544631.28,145184.74,631.38
501930.83,149486.04,908.61
447929.09,106486.84,896.31
513131.66,166485.85,989.96
460828.56,76486.1,852.42
447929.37,120887.03,426.56
551732.07,170884.5,399.95
427629.58,142787.9,1230.5
459128.78,88486.36,959.42
484427.78,42085.5,909.64
488430.87,155686.54,752.73
533730.89,139484.91,540.98
511328.24,37385.05,655.08
484528.18,58385.76,1029.19
488130.27,142086.37,1662.28
533431.45,151485.11,1165.77
419027.53,46686.37,890.38
442728.92,101186.81,786.53
438928.67,94486.78,673.71
528531.86,164485.22,956.04
441829.13,115487.02,808.99
438928.38,79486.54,772.62
420927.74,63586.46,587.71
542831.72,162984.77,699.93
517931.82,166485.67,942.13
396127.11,36386.66,217.84
421227.51,43086.32,962.6
444429.04,108186.89,900.92
443929.33,122087.14,814.55
420927.66,55486.43,607.61
424129.39,140687.9,1174.68
531730.59,131685.01,868.61
492528.04,48285.54,750.29
531431.18,147185.05,1305.69
492928.36,63185.54,540.1
456929.78,130386.87,828.83
506631.4,163485.99,638.58
477128.47,73485.76,778.85
409628.84,138088.1,2527.51
409329.19,152988.46,1732.4
456929.3,114086.73,495.13
477128.73,85785.87,500.41
538430.83,136484.85,381.91
517628.32,38285.02,246.66
517528.32,38385.02,246.66
537931.44,150984.93,1284.33
519931.47,154485.45,817.11
540831.41,148484.8,889.41
549131.15,142384.62,264.57
521930.91,142485.32,971.71
540830.69,130884.79,347.6
549231.56,154884.51,277.51
549231.56,154984.51,277.51
455428.8,91986.46,477.13
556432.19,172484.27,331.37
508631.46,164585.95,920.75
455728.53,79386.29,947.13
387728.45,130488.42,1300.52
405027.24,34986.48,452.85
409627.68,69186.75,324.45
530131.34,151085.17,1339.42
377828.03,118488.3,918.31
491930.36,142486.26,1490.29
508628.23,40485.16,567.39
528930.63,133485.08,778.98
492131.13,160486.51,944.38
444828.55,85286.6,794.2
425427.74,61486.36,830.24
517431.63,160485.56,629.58
522131.95,167785.48,971.52
423927.55,43586.29,748.42
443428.9,99386.78,743.46
439329.23,121487.23,728.28
561432.26,172384.03,390.85
419729.33,145388.02,1582.67
440028.95,106486.93,987.9
525431.84,163185.33,743.71
400627.21,40086.61,372.1
488428.24,59285.76,512.43
487027.85,43685.5,742.66
450128.51,80186.37,804.2
450129.34,118386.95,375.29
409727.26,31486.42,491.05
427627.79,61486.34,839.81
458928.76,87786.35,1099.08
461129.3,111486.59,563.57
614131.23,157482.29,214.52
429527.73,49486.26,691.31
448628.91,97086.67,489.69
452429.09,102086.7,591.27
456928.4,70886.02,864.3
461429.76,127086.77,750.06
389528.48,137488.56,1885.39
382628.25,121488.33,1239.17
495130.31,139486.06,1150.1
494328.19,55585.7,713.34
504430.72,145485.93,809.25
503728.21,52485.5,998.12
495131.04,157486.36,631.85
494627.98,41785.43,729.38
504530.32,131785.58,730.71
501928.48,65785.38,801.24
564932.09,167883.88,341.32
592632.77,192782.84,361.82
465929.08,102786.38,288.64
468928.89,96586.21,580.54
466629.56,118286.56,407.15
468128.61,79486.01,618.98
553631.02,139484.43,243.78
487227.76,34485.38,775.59
514228.29,40485.06,240.48
512931.27,154485.69,1104.92
555531.57,154484.29,399.61
513428.45,58485.12,549.17
512230.67,140285.64,909.39
410927.7,69186.72,378.88
427627.57,39486.22,1031.57
429929.16,130487.66,1173.94
453128.47,77486.25,950.06
454528.78,91486.47,404.57
411827.55,52786.53,451.6
432129.79,148487.95,1808.57
477130.06,135186.46,1552.8
526031.7,158785.3,907.04
479430.56,151486.7,1575.85
524431.03,145485.21,1437.73
515531.49,157885.57,836.5
482628.38,68085.63,888.55
517630.94,145485.5,1061.57
483928.11,54785.81,832.49
474729.07,100486.16,676.71
405127.32,43886.59,108.29
414728.92,136488.03,2081.66
436629.28,127487.4,1281.27
491131.24,163486.6,1014.74
409627.26,31486.42,490.27
474528.66,83785.9,671.52
435329.07,115187.17,1347.48
414629.33,151388.33,1805.47
506428.25,49485.34,727.5
557730.64,130484.26,550.99
508328.43,61585.23,559.06
556331.38,147784.34,252.32
463729.26,109086.52,449.72
398427.2,41186.65,267.38
394728.53,140388.54,2328.07
465629.7,124386.68,702.12
463628.7,83486.22,998.09
465528.93,98086.32,440.28
394327.18,43486.73,134.54
548331.99,169284.64,407.77
507530.75,143585.83,806.44
560431.45,150984.12,356.96
506431.24,158185.98,810.15
491327.87,39885.44,628.22
560430.79,133484.16,356.06
405128.8,141088.25,1805.54
472729.71,123786.53,942.35
434428.58,92586.84,739.81
412029.12,145988.19,2393.31
416027.58,52386.44,535.46
474929.35,108886.25,542.5
406627.32,41786.54,293.56
411928.79,133488.01,1630.23
416127.71,65086.56,460.97
434828.3,79186.58,1007.87
523628.55,58485.03,289.95
520128.32,36785.0,332.73
516328.59,62985.07,766.56
542431.31,144984.79,727.23
481730.61,151586.64,2094.79
522928.34,41185.02,372.06
542631.63,159984.77,543.36
517328.35,46485.1,202.71
483930.2,139486.44,1070.59
387127.83,97387.54,214.19
497430.68,149486.21,1650.72
479327.97,50185.7,1275.72
564831.45,151983.94,384.84
526528.66,64484.88,634.25
498930.17,136485.8,563.14
563030.99,139184.06,234.46
477128.28,65285.74,569.52
434428.46,87386.76,650.65
453629.26,113286.79,373.36
411729.25,152488.39,1796.87
410528.86,138288.09,2836.54
432228.12,71586.44,574.14
454629.75,130486.93,564.93
513128.48,61285.1,677.68
510928.27,44385.14,330.06
621430.9,149782.19,156.13
398528.64,143288.48,2632.98
470429.64,120586.53,567.81
420127.46,38986.31,887.49
594132.82,193782.78,352.7
546331.71,162884.6,595.04
468129.21,106386.38,284.63
491328.25,59085.73,580.09
530628.52,52484.92,366.1
491727.96,44185.47,693.11
444229.27,119387.07,814.45
423129.43,144787.93,1379.25
444129.01,105186.87,858.51
519331.88,166985.63,1046.71
577330.74,127483.81,635.88
542631.74,163584.78,665.45
394127.14,39886.7,269.56
499830.72,148486.11,1132.06
537931.44,151484.95,1198.75
521528.52,52485.03,205.48
500130.23,130485.7,752.74
515428.29,34684.98,300.54
521328.73,67484.91,752.04
537930.86,137384.86,418.51
414127.34,33286.39,475.77
477128.87,90385.94,456.72
455229.27,112486.74,424.46
618131.15,157182.17,293.55
476328.52,75085.78,876.78
456929.71,127086.88,522.83
409128.91,141588.17,2483.72
393228.56,145588.61,1908.21
459128.84,91486.39,474.33
552332.16,172884.48,367.0
448829.43,122887.06,638.06
427729.57,142487.9,1152.16
426527.74,55686.34,687.68
460828.56,76486.1,852.42
513131.66,166485.85,989.96
393928.43,130788.39,1544.99
425527.54,40486.25,946.98
447929.09,106586.84,903.59
501930.91,151586.07,610.9
544631.11,142484.81,460.29
497428.35,62485.5,811.76
502730.34,137185.76,552.81
526128.31,36884.98,331.29
496528.13,48385.51,633.32
544631.51,154484.67,509.26
382327.69,94487.63,195.86
384927.85,102287.7,366.2
440628.46,83786.64,638.67
418727.68,58486.47,496.13
527631.95,166785.22,790.79
420027.51,44286.34,1018.63
440428.82,100486.82,739.55
533431.41,150385.09,1242.59
486330.28,142586.43,1544.04
511828.25,38685.06,677.76
533430.78,135984.91,402.07
486631.02,160486.7,746.1
536430.65,131484.87,423.48
486727.93,49485.64,593.94
537031.42,148484.96,1137.96
487028.35,64485.62,804.83
400627.15,35586.58,330.75
418227.46,41286.35,795.18
440328.96,106786.92,1018.14
561732.29,173084.03,404.46
441129.28,122287.21,889.76
416427.63,56186.47,726.25
418629.13,140288.03,1870.0
501928.54,67485.33,480.53
497331.21,160486.34,1038.11
502828.21,53885.52,1067.42
495130.44,143286.18,1225.85
460829.81,130486.8,1131.18
511731.46,160785.76,529.98
389428.48,136488.55,1453.48
427727.64,46086.26,651.68
614231.28,159682.26,325.19
449229.01,100286.72,610.52
459429.35,114986.67,481.26
448228.58,84286.52,804.64
427627.79,60986.33,947.26
455128.43,73486.09,917.37
510331.64,169486.02,1073.04
403127.27,40486.56,375.48
557532.16,171184.2,405.23
456928.79,90386.42,660.84
550031.68,159484.46,391.78
519930.75,138885.41,1081.7
549131.3,145484.6,286.85
520331.32,151485.41,1388.88
425427.65,49486.31,689.62
445629.02,103486.82,708.3
443428.81,96386.75,530.58
524031.84,163585.39,740.49
445729.28,118487.02,575.08
445528.46,79486.42,619.34
425327.75,61886.37,889.13
489227.85,40585.45,692.05
490630.85,154786.45,813.95
530030.86,139184.99,690.74
508628.2,37385.1,491.48
376027.94,121888.36,877.84
489928.2,57285.8,506.64
492130.35,142086.25,1572.88
530131.36,151485.18,1312.06
436828.48,87586.77,689.97
434429.01,112387.14,863.49
414229.35,153788.39,1852.77
408527.28,34486.46,490.12
474728.64,82485.88,603.42
472029.61,118486.43,519.34
414128.99,139488.04,2313.43
438628.28,71386.37,649.81
434429.18,126387.43,1366.12
474128.96,96186.09,601.3
472229.08,101686.23,550.93
404527.41,49486.68,191.87
480730.46,148486.63,1591.52
481627.9,49485.69,787.9
517430.75,139785.48,1082.06
518928.53,58485.08,300.46
480029.96,131186.33,1548.07
483528.38,67385.61,863.87
515431.34,154485.62,996.18
519428.33,40485.04,276.25
396128.61,145088.57,2231.85
465829.64,120986.62,414.07
541632.03,171884.85,518.85
425227.53,40486.26,965.06
549531.72,161384.49,437.33
463629.11,103886.46,298.49
506428.35,58985.31,740.34
507628.24,43485.22,858.5
511130.83,144585.74,857.24
553631.44,148584.45,260.55
510931.35,157685.74,796.27
486527.81,40385.46,895.3
555130.78,134684.35,330.01
613131.32,160482.29,284.74
469428.7,83786.06,738.87
469128.95,98186.23,404.75
398427.24,43486.67,253.2
497231.21,160586.34,1059.85
565132.19,170783.87,321.99
528828.5,58484.95,249.35
524430.93,142485.23,1124.13
562331.35,148484.08,363.73
528328.33,42084.95,480.97
525431.55,154485.25,800.06
477130.12,137086.52,1567.89
560630.74,131484.17,506.06
386028.45,130288.42,1474.94
453528.89,95486.54,383.18
432129.8,148687.95,1840.56
411227.52,50886.53,445.96
431229.27,133487.67,677.07
409627.61,64686.68,454.48
454428.55,80586.33,892.8
410428.81,135888.04,2322.02
411429.22,151488.36,1380.68
526428.35,43784.95,463.16
479028.39,70485.72,719.07
564830.89,133984.06,389.24
499630.22,130485.71,724.48
524828.59,61484.96,414.15
385227.74,94487.55,156.07
562731.41,150484.05,412.9
478628.04,52485.69,1156.69
497430.64,148486.2,1204.08
470429.33,109486.39,299.35
401427.24,40986.6,402.64
420627.45,37486.3,874.9
494231.29,163486.48,922.45
398628.64,142488.46,2261.46
470429.7,124486.61,538.84
510928.31,49385.2,333.79
553130.56,130584.44,482.23
513128.49,61485.1,657.83
551431.33,145884.53,267.9
559131.01,139384.22,245.37
491527.82,34985.35,623.57
508628.24,41585.17,798.65
508631.24,156185.86,915.82
559831.54,153584.11,389.82
508728.35,55485.27,966.25
508230.69,141585.77,762.02
546931.77,164784.59,437.37
463629.02,100586.41,413.79
465428.87,96586.3,402.21
462929.4,115486.58,358.06
464028.69,82486.18,982.61
483130.09,134286.33,1116.1
517228.32,43485.08,248.21
483130.62,151286.59,2109.2
515428.54,61485.08,593.38
414927.78,70386.63,392.77
435328.28,76486.52,688.23
473529.16,103886.24,465.77
435828.52,89286.78,721.14
416327.6,53686.44,660.09
405128.84,143488.28,2458.34
474029.64,119486.39,760.91
479529.08,98186.02,639.73
518930.4,130485.32,529.39
576131.85,166783.42,297.78
522529.01,73584.95,394.08
479828.73,83485.76,602.45
523429.48,91384.85,522.73
576532.51,184483.38,382.5
519930.04,114885.07,649.63
412228.29,103487.38,1058.9
407427.7,75886.91,326.9
470428.37,67685.86,982.19
412428.55,121487.74,1943.59
436629.81,144187.73,2205.72
472228.21,54085.79,1085.41
587731.34,152383.11,292.22
407427.92,89187.09,1262.27
592332.65,189782.85,344.91
508828.9,76885.1,410.1
592932.01,175482.8,260.67
509229.41,94485.16,429.58
603231.34,154482.6,185.34
396628.46,126088.23,2210.09
463629.91,136586.81,1883.61
396127.8,88387.31,219.92
396528.32,111387.85,792.3
402927.66,79487.09,430.04
469829.88,133486.68,1602.43
466628.39,66485.91,973.87
402028.0,93587.26,807.52
513128.74,71285.04,245.58
515430.3,126585.35,314.05
511929.19,85585.05,538.33
513329.9,109485.21,559.61
553330.29,121484.3,348.64
607631.47,159582.43,162.99
433527.7,43486.19,676.02
434427.98,61286.26,704.45
528630.49,130285.12,616.37
580031.62,161983.33,284.86
499029.66,106485.62,828.22
527030.01,113684.97,624.74
578432.23,177483.25,237.4
497430.03,121485.68,641.01
526629.53,92484.81,433.13
581032.33,180383.18,327.79
477129.63,118086.3,765.18
499628.97,83885.3,515.73
560430.5,124484.07,679.69
580731.7,163783.31,279.61
528929.16,76484.85,273.74
477529.13,101386.11,788.45
497429.45,100485.57,792.71
571531.43,154483.56,298.91
430029.04,124587.55,1384.71
453528.22,59485.98,1255.74
434129.74,142487.77,988.05
569830.97,136483.89,318.59
453028.07,45885.88,1497.43
431928.97,112487.19,1127.27
513729.31,89285.02,413.22
553529.29,84484.27,247.45
515428.91,75584.98,249.73
551629.7,100484.38,583.65
401528.42,113187.75,585.52
401728.58,129388.16,1990.73
465929.9,136086.78,2517.39
598631.49,159982.66,170.86
463628.22,52685.89,1068.63
396327.81,88587.32,213.35
398327.5,76487.13,347.26
463428.45,70485.96,838.02
557630.3,121284.14,434.08
587232.33,181882.96,348.88
508629.98,114885.36,927.42
508630.35,130285.52,546.64
585431.87,169483.09,194.37
415928.58,117487.58,1134.27
412627.86,79486.86,384.03
438828.14,63886.2,615.46
567131.2,145683.9,321.23
405428.43,109487.51,962.36
405127.88,87987.14,470.05
436727.84,46886.16,554.74
414128.26,101787.34,1135.74
411928.07,94487.09,1362.37
405928.53,124587.96,2042.34
403227.51,71386.89,290.83
569030.87,131083.97,421.58
472630.05,137286.64,2036.2
481529.83,123786.28,1320.07
542829.49,91484.55,244.17
519629.44,91684.91,537.17
523829.95,110584.88,650.95
479429.36,107886.08,800.84
522330.29,126185.26,325.63
517629.1,79084.93,273.17
447529.81,138987.25,1167.64
425427.9,71386.44,1179.71
423128.93,124487.65,1080.61
574631.47,157083.51,318.19
425428.2,85586.75,1114.04
422728.67,112387.39,818.7
574031.01,141083.7,217.89
377528.26,132788.63,1600.97
488428.7,77385.46,463.35
531129.78,103284.72,905.4
531129.64,97084.75,354.82
488429.14,93985.67,521.29
528930.16,117384.93,523.66
567132.24,172483.76,223.01
532629.27,80084.73,157.21
437027.65,37586.11,850.38
388627.96,103787.68,808.87
595231.26,149182.85,309.63
387128.28,120288.3,1528.03
602631.82,169482.52,178.91
540829.8,104784.53,691.62
501729.44,98185.42,793.21
522029.8,103184.89,946.02
547129.47,91484.44,246.85
600932.46,184482.42,286.5
500228.97,83685.28,578.12
540330.29,120684.66,367.2
521730.12,116985.1,808.57
505629.71,105385.36,1207.67
493328.7,75485.33,505.98
598731.6,163282.65,173.14
504330.02,118885.53,913.74
494629.16,91485.49,412.96
598632.14,176882.51,309.64
393128.03,99687.49,599.67
459028.08,46385.82,1401.03
450929.73,134487.1,1678.54
427529.04,127487.66,1185.38
457028.2,58985.93,924.57
392527.56,82487.27,310.41
427428.86,114087.34,1282.86
536629.84,106784.6,622.76
486428.55,73485.47,574.35
606331.59,165482.39,167.55
486129.95,124986.14,1487.85
536830.41,124184.82,438.54
487828.92,85485.57,398.5
484529.54,109485.95,794.66
438929.45,130487.39,524.98
443328.27,65286.17,1097.81
416427.9,77486.72,292.6
416428.15,92086.99,1217.28
443428.06,52086.14,845.87
579131.09,143783.47,313.89
417128.58,113187.41,1298.86
578831.47,157483.39,256.08
442329.7,136487.41,889.2
418128.86,130487.87,1308.28
573432.02,169483.5,332.91
537929.35,82984.65,183.18
483929.03,91385.76,543.22
536529.68,100284.66,580.01
609031.49,163182.35,164.86
484028.53,73585.54,626.22
460928.2,55485.89,954.37
456929.94,142487.02,1541.51
392228.41,124488.29,782.88
427628.52,94386.97,751.57
451528.16,50585.96,1362.19
589831.35,151483.03,269.88
392728.14,106987.8,678.67
589630.73,136483.19,191.65
450928.29,64786.08,911.11
448629.67,133487.18,911.54
425428.04,77486.57,1097.78
501929.98,116685.57,938.11
504928.96,79485.18,410.79
495129.73,109685.71,890.08
596832.25,180782.58,331.04
495429.0,85685.41,416.54
501929.58,102685.46,783.97
505729.48,97485.27,607.03
382628.46,136988.54,2387.57
596431.73,166482.74,177.71
494530.09,125985.79,1070.85
497428.61,70485.28,676.46
551429.38,87284.32,190.35
547430.09,112384.45,311.9
542329.24,79684.59,299.57
499630.11,123885.68,371.42
538030.19,117184.71,456.6
546930.54,127384.53,801.08
501929.71,106885.49,836.22
542329.57,97284.54,451.23
538129.73,102984.61,781.29
594031.2,147282.9,320.96
475028.3,64485.79,1107.56
583031.02,142483.38,200.56
407628.46,121487.87,1678.31
389327.54,82487.35,184.41
407528.32,104987.45,897.94
388627.86,97487.51,281.86
583031.41,155983.25,248.78
477128.06,51785.71,1003.72
489829.77,115285.88,866.76
532530.29,120884.86,374.14
379728.41,136488.59,2561.6
488830.12,130286.09,615.1
533129.77,103484.68,964.69
422128.31,88486.87,1009.56
447928.14,53186.11,1130.38
446128.34,68386.16,1256.73
422127.92,74886.53,950.79
408527.76,77986.94,428.43
474929.97,133486.51,1669.48
456928.39,70486.01,808.69
475830.33,145586.68,1917.59
456328.2,52585.91,1224.62
585931.26,150383.2,321.17
407428.01,93887.14,1404.13
550329.77,104384.42,323.87
538329.12,74984.67,860.54
551330.21,118484.38,336.76
539729.49,90584.62,352.57
445627.98,47385.96,984.31
423428.45,97487.06,809.87
421728.42,102087.2,1102.59
576130.83,130583.81,412.19
424228.06,79486.62,1024.43
420928.69,115987.5,1598.53
445628.25,62186.12,961.3
574131.22,147783.57,310.9
492729.69,109485.77,896.58
529530.42,127185.07,406.41
532828.99,71284.79,970.15
491330.01,122985.9,1033.86
528929.93,111084.89,655.27
531329.43,88184.76,260.52
533729.16,76484.75,470.78
569831.85,164283.7,310.92
487329.15,95285.72,702.22
483929.27,102785.96,591.89
534229.52,92384.73,448.12
486528.82,82485.57,435.86
486029.77,117886.05,934.73
582630.87,137483.46,311.7
443427.8,41786.05,613.13
420928.54,108187.32,756.64
581331.29,151483.32,320.17
418728.73,121887.69,1613.9
440229.85,142487.55,1875.66
443428.14,58486.14,745.84
502228.81,75285.23,534.66
598932.47,184982.54,325.08
495929.57,104885.73,768.35
546929.61,98084.45,658.3
502129.24,91185.28,414.09
546029.33,82884.49,394.8
497229.98,118685.69,965.99
600131.95,172282.56,249.94
391528.41,128688.39,1763.88
461429.89,136186.84,1621.16
449728.04,46285.92,1212.86
428428.61,99386.99,828.24
427928.21,84486.7,1227.19
449428.26,60686.05,1185.86
459128.18,49985.86,1346.71
390427.85,94487.46,254.41
429529.01,122387.52,1667.18
451528.24,57786.01,1288.45
448029.91,142487.25,1528.6
391627.41,77287.28,244.57
461428.35,65685.92,947.38
456929.83,133386.88,1818.44
452427.98,43485.89,1248.53
427628.74,107287.16,1019.86
502129.8,109685.5,551.73
506129.16,87485.18,464.7
494729.89,116285.74,897.55
496328.89,81085.33,545.52
546930.35,121884.46,366.33
502330.21,127385.65,333.64
504628.71,71985.19,590.28
494429.44,101185.67,797.61
544629.97,108784.46,315.97
495129.32,96685.56,676.15
420028.05,83686.75,956.4
440728.1,58586.17,626.93
438927.81,43486.11,541.11
418628.27,97487.14,945.96
534730.09,114884.74,523.77
486529.9,121486.09,1055.08
607631.73,170482.31,201.17
571931.65,160683.63,301.47
534630.59,130484.91,597.18
487129.34,103685.91,508.31
490728.9,83285.47,563.35
588232.55,187482.99,381.98
530929.51,91484.77,470.75
492929.32,98185.64,616.84
529729.06,73584.81,863.64
589231.92,172482.93,194.35
423328.86,121487.62,1492.87
445629.92,143087.33,1741.61
576131.3,150983.43,331.19
423228.56,105687.24,1036.31
578430.88,136083.63,336.51
549129.22,80184.41,412.27
603131.95,173182.45,242.93
548130.17,115984.48,360.83
540129.42,85784.61,155.99
521729.52,94484.88,545.09
537930.03,112484.65,595.93
549129.61,97484.41,622.01
547029.78,103484.42,441.73
540130.56,126684.76,510.97
521129.24,81984.88,387.0
592130.96,142383.03,295.17
584031.11,145583.32,314.55
408728.44,115487.71,889.49
592431.51,157482.92,176.68
408028.66,130188.04,1787.8
455229.85,138187.01,1665.53
558930.51,126184.12,735.55
507529.75,106485.34,909.35
584832.61,187883.11,390.0
584932.08,175483.03,224.06
508430.09,121485.45,307.76
395828.02,96387.41,682.93
397428.2,103287.52,812.96
464828.32,62185.9,1126.3
395127.55,81687.21,462.01
396328.39,117188.03,1130.49
481629.96,129886.29,1046.17
542529.87,106884.48,453.65
515429.56,99385.06,509.4
482629.59,113486.11,768.91
515529.22,84584.97,482.05
543330.44,123984.6,351.28
434428.14,67486.35,575.66
414127.82,73786.72,526.91
405128.31,105087.46,1046.93
415728.12,91386.97,1316.02
436627.99,55286.21,586.76
474930.31,145486.7,1681.87
405128.43,118487.87,1124.72
572231.57,158883.62,339.32
454029.83,137487.03,1708.2
429928.06,73186.47,618.17
409628.67,129988.01,1672.54
571631.1,143983.76,223.28
429928.29,85486.72,890.42
411428.5,115187.6,1167.8
580432.62,187283.27,345.36
525029.72,100484.85,556.37
563830.78,129884.09,435.41
477128.48,73985.76,869.84
524529.35,85484.85,200.1
579232.0,171983.25,206.86
479428.88,89085.87,540.86
400628.34,107687.6,691.1
596930.66,137382.87,184.82
468130.01,139486.78,1770.97
466328.28,58385.92,1060.13
399328.49,124488.11,1911.84
597031.34,151482.78,310.55
511629.43,94585.1,490.01
515429.75,103485.08,585.58
553629.09,76484.31,171.59
590031.69,166482.95,185.32
513129.06,80985.0,581.7
513130.04,115785.24,851.55
591932.24,180782.77,345.05
553629.55,94084.23,244.1
512830.09,120185.3,576.94
510929.73,104085.21,713.15
612131.46,163982.25,179.91
553630.51,129284.4,504.81
470428.31,59885.91,1081.09
400527.69,82787.17,172.09
400628.17,100087.41,810.73
525930.25,121485.08,304.56
479329.49,112386.2,522.97
497429.19,91185.43,464.69
526329.89,107784.81,767.78
385628.45,139588.56,1963.33
477729.85,127286.39,1430.53
499628.76,74985.27,431.56
411728.06,93887.07,1470.22
452428.18,52485.97,1259.89
434229.79,145487.83,2035.17
454628.37,70486.05,571.54
432629.23,130487.57,1100.41
410327.79,76686.87,358.57
414128.5,111187.44,905.29
411927.99,88486.99,928.66
474928.3,64185.8,1123.22
567131.11,142483.92,222.87
407028.41,117387.83,1454.84
403327.67,79887.09,534.27
436629.69,139487.63,764.26
414228.67,124487.8,1070.91
414127.82,73486.71,463.98
407228.19,100687.33,1028.99
404828.1,97487.29,951.57
567131.49,154483.83,254.54
481629.03,93885.89,685.38
544629.33,82784.53,238.39
515430.12,121485.31,259.34
522830.09,115485.02,804.33
482828.69,78585.6,714.41
516829.86,106585.06,670.13
574932.7,189283.45,403.97
544229.59,97984.5,555.35
522129.8,103184.89,929.61
393928.37,118488.12,927.69
445627.75,37785.98,694.15
396028.19,104087.58,708.08
594232.28,181882.7,360.49
507629.11,85485.15,545.51
594131.81,169282.81,182.39
506629.58,100085.26,832.24
551432.02,169484.51,388.39
463528.79,88486.31,489.94
461728.57,76186.07,833.85
540131.72,162484.91,899.86
555931.28,145284.38,251.16
510931.08,151285.79,806.89
556131.66,157584.26,382.99
510930.55,136285.59,600.55
437728.36,79486.57,985.65
435229.08,115487.18,1278.87
413427.65,63186.59,560.12
406329.12,153788.54,1647.06
473228.69,85585.96,526.15
470829.35,109886.39,415.06
413927.51,48886.47,460.11
437228.67,96686.81,778.06
436228.73,100886.88,957.67
474528.4,71485.78,758.54
529131.82,163885.22,933.84
472629.77,126586.55,1277.27
407428.76,136588.1,2169.86
479830.26,141186.54,2055.54
483928.18,58485.75,867.44
517231.08,148485.55,1303.4
524231.38,151485.23,1371.09
518328.43,49685.07,197.74
483027.77,43485.55,918.12
517030.42,130885.35,602.75
519128.67,64685.0,826.86
524130.69,136485.3,1077.23
526531.1,146385.17,1515.54
386528.28,120188.3,1631.49
560431.11,141884.18,241.12
497528.5,66785.38,890.02
526630.59,133285.2,877.82
498528.19,51685.54,887.85
560931.58,154484.05,395.32
385527.89,106187.83,657.69
432229.07,124087.47,1253.79
432129.74,145487.87,1329.95
410727.59,58486.58,425.51
392027.08,36286.7,158.82
410627.37,40986.51,411.81
432828.89,109487.11,704.26
514028.4,53885.15,240.64
515428.68,68385.01,312.94
400728.83,148488.5,1615.67
466129.42,114086.52,431.29
505331.33,161186.04,856.7
465929.8,130086.74,1962.37
402428.64,133588.16,2130.81
503331.4,166486.15,1344.81
467028.55,76985.98,813.47
400028.57,130488.2,1933.41
402227.4,51686.73,195.01
399128.69,145488.49,2264.76
467828.75,91686.18,398.55
515130.65,138685.53,1113.01
551631.58,155284.43,270.56
515231.23,151985.66,1538.16
552031.17,142484.52,255.44
533631.87,166485.04,644.25
431427.78,49486.24,767.28
452529.09,101886.7,595.69
434228.67,98286.87,773.39
452429.35,118086.9,367.78
432128.31,82486.67,915.37
430227.87,62686.33,826.29
527330.6,133485.16,807.57
504528.11,37485.17,530.83
526831.31,150285.18,1405.17
481527.79,45185.61,1175.45
542630.73,132484.75,349.25
524428.82,68784.85,1139.3
519930.61,135885.36,872.15
479428.19,59685.7,969.57
542731.39,148484.75,805.82
517931.16,149685.52,1542.39
522828.53,55485.04,198.03
438828.86,103986.9,929.42
533131.67,161985.17,909.7
472528.49,74185.83,677.23
405227.52,68186.79,541.54
389227.06,37486.73,116.98
437529.15,119287.22,940.52
411929.09,145288.18,2321.86
471928.77,89586.05,387.75
508628.59,67085.17,543.93
508430.35,130485.52,555.41
508628.3,50785.26,645.57
506430.81,145785.88,733.8
540031.75,163484.92,826.34
463629.76,127386.74,1414.0
465228.46,71085.94,848.0
397728.59,137488.4,2337.84
462229.32,111686.57,633.87
464628.74,85486.25,726.53
546931.51,153684.59,656.07
500630.4,141085.94,751.2
522128.59,61085.02,444.27
547330.91,137484.69,303.24
501131.09,156986.18,878.28
522128.35,43485.03,324.57
406727.23,32386.46,457.7
475428.65,83685.87,670.32
456829.44,118486.78,367.33
598632.85,193382.6,334.71
559532.0,166084.06,356.77
475029.07,100386.16,676.11
454729.04,100486.61,510.07
488630.66,150586.44,1150.85
533131.07,144784.95,1258.3
490630.16,135786.09,1373.86
380228.22,127888.52,1589.41
532331.63,160485.2,832.17
445628.62,88486.66,641.98
421327.65,54386.41,805.02
423127.82,68486.45,663.61
447828.42,76386.29,724.0
442929.13,114886.98,1016.62
418629.43,149888.24,1480.56
416428.96,136188.02,1560.88
499331.43,166486.3,981.6
441129.45,127687.29,495.69
564632.06,167183.9,362.3
486028.11,54585.83,1070.23
483928.38,67485.59,824.27
393728.5,139688.54,2238.96
456929.63,124486.84,417.32
450328.83,94086.59,338.6
429029.7,147487.97,1355.73
425627.66,50286.32,748.99
457229.17,106486.62,484.73
391627.14,42886.75,187.32
429927.6,39086.18,893.86
429629.15,130487.67,1193.08
426827.82,66486.42,754.61
452328.46,77486.26,907.2
504428.39,61485.35,660.11
495130.77,151986.28,1079.74
544631.36,148084.7,681.8
504628.22,48785.4,830.78
493130.25,137886.07,1576.37
545430.71,131984.65,340.93
382628.3,127288.46,1400.93
505431.27,159586.03,831.22
495128.51,67585.37,688.82
565130.97,138483.99,230.4
504130.7,145185.94,850.99
565131.45,152083.93,382.63
494428.19,55485.7,710.74
459128.96,98186.47,310.84
392927.16,43486.74,136.95
425429.17,133587.78,1299.33
451429.67,130287.06,509.97
555732.02,168084.27,378.35
458628.7,84686.31,1030.33
450129.27,115486.91,363.71
427329.7,150688.1,1816.58
535731.45,154485.15,568.12
486130.19,138886.36,1198.84
535731.05,142484.89,867.7
513328.26,33284.98,469.7
483930.65,151486.57,1711.39
418527.74,65586.52,574.46
418828.95,133487.94,1501.54
441128.41,78286.45,834.06
441128.67,93186.75,796.66
418027.56,49686.4,729.13
419929.34,145488.02,1546.46
421029.2,139487.99,1547.66
447829.53,127187.15,455.91
443528.33,70486.25,1017.38
447829.14,110286.89,805.6
445628.61,88086.65,806.29
398427.07,31486.56,283.44
488828.39,64985.54,561.44
491230.15,133486.02,731.92
488728.06,51985.69,998.35
492830.52,146686.31,1127.47
413527.39,38386.45,413.76
557531.84,162484.18,360.12
476529.32,107886.17,733.7
409627.36,41286.52,392.03
614831.04,150582.37,167.96
476929.77,124186.38,992.19
501428.12,43685.4,844.37
540431.62,159984.91,660.12
541631.34,145084.81,802.52
499628.29,60585.52,1093.2
433628.75,103786.98,899.14
536331.67,161585.08,1000.31
569430.82,128183.98,551.77
393927.14,39886.7,254.98
432529.06,120587.38,1135.09
560831.68,157484.04,336.02
499028.18,49485.52,854.06
387127.9,103187.66,576.59
527228.92,69984.8,998.03
499028.32,61485.51,973.9
560431.23,144884.18,241.18
528428.51,53284.97,304.36
467729.76,127486.69,1150.98
468428.44,72285.89,850.86
585032.8,193383.11,384.57
400728.67,139288.34,2100.08
402829.03,153988.63,1549.55
465929.32,110486.5,345.69
468628.72,85486.11,577.61
515328.6,64585.06,545.0
511430.46,132685.49,535.86
513728.37,52185.15,214.92
512930.99,148485.72,891.78
510530.6,138685.65,769.98
557431.64,156784.2,418.11
510231.2,154485.79,1153.22
556231.15,142484.37,247.28
462828.59,77786.09,906.67
520031.9,167285.6,990.48
394528.45,130488.37,1804.4
395328.62,145888.59,2147.7
462428.83,91586.33,315.09
549932.14,172684.59,383.18
524030.68,136385.31,1080.21
519928.73,67484.93,570.18
499628.01,38285.3,588.83
519528.49,55485.08,182.37
524031.19,148885.23,1527.5
481630.29,142486.53,1839.49
472529.81,128786.56,1659.31
529731.98,168285.15,735.75
405128.69,134588.1,2356.7
414127.45,44986.45,439.57
436628.72,100486.86,945.19
405128.97,149288.41,1442.13
472029.55,115486.44,343.71
436628.44,85486.72,632.19
414027.65,61286.56,511.49
403528.83,145688.33,1920.46
405127.44,50286.67,212.81
472428.88,94386.1,543.36
437029.22,124487.35,1237.19
413928.99,139788.05,2515.01
416427.63,56186.47,726.25
470628.55,76485.89,622.44
403128.65,133388.14,2211.33
405527.52,67086.77,523.07
416427.45,41986.39,587.49
438928.97,108486.98,767.95
524128.48,49784.99,169.83
519231.29,151485.47,1345.01
542431.44,151484.73,1077.69
479428.21,61985.69,684.19
518430.73,138985.43,1263.59
524428.76,67384.87,964.86
544630.78,133884.71,318.18
479527.95,49485.71,1190.21
463329.34,112486.56,550.68
500931.34,163486.24,904.17
463629.8,129686.76,1684.62
396928.56,136488.4,1930.74
508728.35,55485.27,966.25
508628.6,67485.17,451.51
551431.29,145084.53,265.81
514531.19,151485.69,1392.74
551731.72,160484.41,411.59
514630.54,135485.47,942.27
545332.08,172184.76,512.67
467328.76,89186.2,487.8
467728.5,74985.93,820.91
502331.43,167286.19,1512.79
502331.43,167386.19,1512.79
402927.46,68786.83,428.95
497530.5,144186.13,1109.97
478628.18,58485.72,1015.11
528931.34,151485.2,1124.12
497431.21,160486.34,1016.56
478227.76,40585.62,1004.86
527830.8,137985.1,761.62
434428.31,80586.61,956.41
454629.5,121486.87,386.92
429927.94,66986.4,718.22
431427.78,49486.24,767.28
432628.6,94586.88,785.34
452529.16,105886.72,710.84
535131.77,164085.05,894.58
485928.36,65485.6,950.03
486130.07,131186.22,870.33
486128.03,52485.76,812.54
488230.44,145986.43,1214.26
417429.05,138888.05,1977.88
564032.02,165983.92,333.88
441729.34,124487.25,732.7
440828.32,71286.32,800.1
497431.21,160586.34,1017.45
442429.02,109486.91,841.96
438928.5,88086.78,570.89
418629.49,152988.3,1691.04
492930.18,135685.98,1129.5
382628.3,127488.46,1353.79
506428.24,44685.27,761.92
495130.66,149386.26,1157.7
504528.34,59685.37,762.47
426427.9,70486.44,1223.72
551731.72,160484.41,411.59
451928.4,73486.14,795.47
456929.16,106086.62,509.97
452428.7,88586.49,673.62
425427.69,52886.35,756.02
392428.54,145288.61,1907.52
456929.54,121486.8,386.73
388427.11,43586.81,92.41
559832.13,169184.06,362.97
522128.35,43285.03,353.1
499631.15,158886.26,781.65
549130.81,134784.58,314.88
521128.54,58485.06,243.92
500030.57,145486.07,922.49
547331.39,148484.63,554.98
422627.76,64486.44,624.69
423129.07,132787.81,1359.31
447828.42,76486.3,719.91
447028.77,93286.66,324.79
423127.64,52286.38,730.29
423729.54,148488.08,1374.61
532031.48,154485.21,692.37
490630.18,137486.14,1297.3
380428.22,127488.5,1405.77
531230.96,142384.98,1011.62
508728.13,33485.03,483.7
528928.5,58484.95,246.07
490630.71,151486.39,885.24
488428.09,53385.74,1012.29
490628.54,70485.36,570.79
447429.17,112786.91,538.99
420929.52,151288.23,1937.84
423129.13,134587.87,1289.82
446429.59,130487.21,530.3
519928.3,31584.95,375.34
499628.32,61485.5,778.42
540131.18,142484.86,703.53
549131.39,147984.59,411.63
542231.49,154484.76,580.81
501628.18,49485.5,826.1
549830.66,131784.53,357.64
389328.45,140888.58,2054.48
407527.54,59186.66,446.88
476829.81,125986.42,1315.05
614531.08,151882.36,172.95
474929.37,109486.27,503.09
409527.37,43486.54,315.85
411927.33,35286.45,439.17
448628.62,86186.55,813.41
450529.2,111286.83,713.8
458528.58,79886.24,865.79
459529.44,118086.7,373.16
426129.34,136687.83,1083.7
448528.39,73486.21,635.89
555431.89,164884.29,384.55
452429.65,127487.02,453.84
456928.95,97486.49,292.5
460429.07,102486.51,424.0
382627.67,92887.61,168.11
496030.56,146686.21,1249.43
495128.16,52285.6,529.47
564931.57,155983.88,328.87
505830.65,142485.86,674.18
502828.24,55685.49,968.33
497527.96,37485.31,614.27
497430.18,130685.79,613.26
565031.02,139783.99,230.85
495128.48,66785.39,704.49
505731.19,157086.01,754.8
501928.11,41585.34,837.86
442428.57,88986.74,633.83
560432.48,178484.08,248.56
417627.63,55486.45,691.33
418627.81,69986.54,582.05
442028.37,74186.33,706.92
560531.83,161584.07,322.52
483930.63,150986.56,1874.13
513828.22,28484.93,412.13
535631.17,144484.9,1147.8
483930.13,135286.34,920.73
373728.05,128688.63,1607.36
536431.62,160485.1,872.33
418628.71,121387.68,1307.01
439429.91,144787.61,2151.64
581331.29,151483.32,320.17
420428.4,103587.26,860.13
581230.78,133483.58,365.1
486528.82,82485.57,435.86
535029.5,91484.72,431.55
488329.21,97485.73,442.39
571632.05,169483.58,301.6
533529.07,73484.79,847.93
427228.94,118187.47,1096.74
427928.17,81686.65,1270.01
448828.27,61586.07,1074.99
393927.65,85587.26,79.86
449028.08,48585.95,1247.97
611931.32,159382.34,301.12
426328.62,102387.09,1005.6
427628.55,96386.97,867.32
391628.41,127488.37,957.29
461429.9,136886.85,1721.46
600232.07,175382.47,276.19
495130.06,124485.74,772.41
546629.22,79584.48,621.88
502229.34,94385.34,488.2
546929.58,96684.45,636.3
495429.72,109385.71,889.32
598932.7,189782.56,299.25
501928.9,78885.23,513.55
520130.05,114885.06,698.2
538329.54,93384.66,485.54
499629.11,88185.32,354.7
549630.42,124484.41,384.07
539529.16,76484.64,756.67
520230.38,129885.3,459.84
500328.68,72285.25,585.64
585231.28,151883.22,312.99
456828.18,49985.88,1774.41
476830.42,148486.7,1519.78
408528.06,95587.17,1338.28
407627.77,80687.02,326.95
456728.32,66485.98,811.23
475530.03,134986.51,1966.48
567232.42,178083.72,234.18
530130.03,114284.9,622.4
491629.97,121485.88,944.58
569431.75,161883.71,305.02
530730.5,129385.05,594.01
491929.43,103485.8,601.2
425428.2,85486.75,1088.88
445328.21,60686.12,926.05
445327.95,46485.96,854.63
423428.45,97487.06,809.87
578430.89,137183.62,391.59
447427.84,40585.98,659.81
425428.68,108287.24,992.96
577331.34,152583.39,350.01
423328.87,121687.62,1531.79
445329.9,142487.34,1410.8
447928.21,58486.08,1075.28
588631.73,166783.0,191.52
529629.17,76484.83,398.42
492929.28,96585.6,575.07
490529.36,101785.78,532.87
530929.51,91484.77,470.75
587632.44,184382.99,354.19
491828.88,81885.43,531.38
488429.8,117385.96,877.36
456829.83,133486.88,1842.27
591931.55,160282.93,179.01
591931.55,160382.93,179.01
592230.97,142483.03,293.49
521929.12,76484.96,209.09
540030.61,128484.78,428.13
550029.63,98284.39,682.83
537930.03,112584.65,619.77
521629.52,94084.88,585.25
603631.91,172382.45,243.63
551329.33,85084.33,163.22
497229.44,100085.57,806.46
544829.83,104584.42,454.08
504130.29,130485.58,429.08
546730.33,121384.47,327.81
495128.99,85485.41,406.2
501929.94,115185.56,860.11
428128.74,106487.14,956.04
391027.38,76487.28,215.25
460428.41,69385.96,873.65
429929.01,121487.49,1310.61
449529.96,144387.22,2057.8
459628.19,52585.88,1067.51
488329.61,109485.86,679.16
534930.51,127484.91,464.48
535629.02,71784.76,813.69
608731.8,173682.21,210.66
486129.94,124486.14,1483.77
534229.96,110784.69,616.13
536129.45,88384.69,236.9
441127.97,49086.12,520.36
419028.28,96787.12,1051.61
416728.31,102987.3,1041.17
579330.8,132083.68,400.04
420928.0,79486.67,723.65
418228.63,115887.5,1147.57
441128.19,63486.17,757.77
580031.17,146483.41,292.77
479428.98,93985.96,621.83
578432.1,174183.26,210.04
526129.23,79484.85,168.75
528430.15,117184.95,637.15
479428.62,77285.68,626.79
563830.65,125084.04,612.13
524729.57,94484.83,414.5
578632.7,189083.34,415.94
527629.79,103484.78,682.03
411928.52,112087.49,905.23
431928.53,91486.88,750.74
571631.04,141383.77,222.54
452429.91,142487.12,1349.51
410528.56,124487.87,1647.39
429928.08,74486.5,703.54
571631.51,157183.62,317.43
553629.43,89484.25,198.09
590732.39,183982.87,394.75
512129.19,85485.04,523.0
591931.7,166782.87,190.63
512129.59,99585.12,716.65
596831.33,151082.78,335.44
468830.16,144186.81,1603.89
399328.47,120788.01,1354.78
438927.67,37486.08,654.43
398428.23,104387.55,728.63
465228.29,59885.91,1201.66
393927.56,82487.23,255.05
395528.11,100487.49,656.68
508030.04,118585.42,827.78
582931.97,172183.12,199.55
592732.09,177482.78,307.62
592832.09,177482.78,307.62
584332.55,186183.12,385.76
506429.72,105385.34,1106.08
591931.61,163182.91,181.18
558130.63,130184.23,490.3
470428.24,55485.85,1051.54
473730.14,139586.63,1737.71
404528.52,123687.96,1874.59
414728.11,92487.01,1387.78
434627.87,49686.21,605.48
405028.37,107187.48,1029.24
434428.1,66086.33,648.79
436829.37,130487.44,691.16
414627.89,78986.8,427.55
519930.1,116985.14,655.23
544630.54,127084.6,657.18
515429.14,81784.97,588.67
483629.51,109485.98,803.4
481028.84,86985.79,628.01
518129.74,103084.99,639.79
517229.49,97485.0,468.55
542530.09,112484.59,599.11
483929.89,124686.22,1350.17
480328.41,70685.68,956.3
574332.63,187483.46,338.64
517029.82,105085.04,983.13
483228.55,74485.56,673.36
517330.11,119985.26,558.2
573932.01,169483.48,331.42
483329.01,91385.78,613.03
405128.11,97887.29,986.24
569331.68,160283.72,301.22
434429.38,133487.58,541.59
415728.8,130487.91,1059.49
567231.17,144783.9,315.43
473128.3,59585.89,1252.34
404527.77,82787.12,230.54
416328.57,113287.43,1217.54
506829.42,95685.23,600.96
509829.62,100585.19,719.34
594431.71,166482.8,181.43
508229.01,80985.12,378.44
508630.02,116685.38,1076.07
595232.17,179082.66,356.29
394128.22,109387.85,656.29
465129.96,139886.83,1770.65
463628.23,55585.9,976.51
395828.45,124488.21,1441.01
400628.09,96587.35,741.9
402628.2,101187.4,944.57
470428.35,64485.88,981.5
399327.61,80587.15,639.82
401428.46,118487.92,491.21
555830.42,125284.2,601.93
612131.35,160482.31,261.48
512829.83,107485.21,899.22
552529.39,88084.29,222.17
511030.1,121485.37,279.92
449827.81,37485.9,914.43
411527.81,75686.82,397.1
410727.97,89187.03,1352.03
385128.46,138388.56,2312.27
497528.61,70485.28,682.25
477929.86,127486.38,1389.96
525929.81,104184.8,864.6
499629.11,88185.32,354.7
478829.57,115186.25,554.77
525230.19,118485.05,424.4
508628.44,61585.22,531.28
558531.29,146084.26,249.13
508628.29,48685.25,588.51
560430.73,131384.17,503.97
398328.63,142488.47,2364.77
463629.71,124486.71,675.6
463529.27,109486.52,452.61
395227.18,42286.7,273.39
422827.46,35986.26,1006.62
522128.59,61085.02,444.27
519830.98,145485.38,1309.75
479428.03,52685.68,1008.65
519631.68,160185.47,832.86
522128.35,43485.03,324.57
480228.4,70485.69,932.72
470628.69,83786.02,635.24
436629.07,114787.14,1147.8
414129.3,151088.33,1687.38
472629.02,99086.17,568.12
407427.34,43886.57,184.84
412928.86,135788.01,2242.04
436729.28,127487.39,1299.8
488731.18,163286.68,1029.56
432428.54,91486.86,731.1
426427.55,39786.24,1078.01
432128.18,76086.52,631.3
498530.79,151486.2,730.74
527131.07,145485.16,1360.83
497730.3,139385.96,787.53
527631.67,158785.29,873.35
621530.84,146282.19,155.28
621330.85,146682.2,155.28
470329.6,118486.48,434.12
465928.68,82486.13,723.17
545631.72,163484.63,586.05
596032.8,192782.71,342.22
468129.1,103086.33,281.57
466828.91,97386.28,451.01
402427.39,49486.72,105.19
551431.52,152684.46,271.39
510928.4,57085.18,624.19
515230.69,139485.54,892.65
551431.02,139484.52,247.31
484527.74,34785.46,839.46
510928.25,40485.09,526.08
514231.31,154485.65,1118.89
514028.3,44985.1,207.35
514028.5,61385.09,843.98
418627.46,40486.34,759.87
593832.81,193582.79,359.54
566432.01,166483.83,324.34
466529.2,106386.42,394.89
619530.97,151282.23,154.9
401928.77,144688.38,2352.3
467429.65,121386.6,467.09
477130.0,133486.44,1281.32
560431.01,139484.17,237.51
499428.55,68185.33,905.93
477230.36,145486.64,1853.19
498828.2,53185.55,927.62
561131.48,151784.08,401.71
528928.69,64384.84,682.73
429929.61,141287.84,838.78
453328.41,73486.11,837.54
433629.17,126587.46,1402.26
452528.7,88486.49,692.93
432128.97,112387.18,997.57
472029.25,106986.3,492.55
403127.27,40486.56,375.48
414728.84,133487.96,1506.57
413927.69,65686.61,370.6
491431.27,164086.6,1062.76
437628.36,79386.56,1002.96
407028.86,142088.22,2528.6
472629.71,123886.53,932.8
438228.66,94186.79,771.01
414529.22,146788.2,1892.32
413527.52,49886.48,459.91
524331.56,154485.25,758.15
519028.38,46485.07,204.58
479730.21,139486.52,1442.95
518928.66,64485.01,812.93
524330.93,142485.23,1127.28
480830.62,152486.68,2094.62
463229.01,100386.42,402.0
397527.24,44286.7,261.83
551432.01,169284.51,419.74
463228.71,83686.23,1050.47
510231.34,157985.78,894.1
489227.84,39685.45,812.03
556830.84,135484.28,321.29
508830.76,142985.78,830.77
555931.43,149184.34,251.79
508731.44,163485.92,592.69
388228.48,136488.55,1746.77
616431.24,159182.2,337.95
501928.21,55085.53,996.83
541031.43,150884.78,1228.63
521231.0,145485.31,1434.88
540530.85,136484.83,354.69
499628.56,68485.32,901.98
519228.32,37685.01,305.88
520530.49,132885.32,471.47
446229.39,122787.11,838.39
424727.7,55786.37,625.89
421229.22,139887.98,1549.34
517631.82,166485.68,834.96
398427.1,34986.61,272.67
425127.53,40586.26,965.72
447429.08,106686.85,998.7
530331.17,147385.08,1334.97
488528.33,62685.66,702.52
528930.6,132885.08,938.9
490228.01,49485.58,765.3
486128.14,55485.86,942.83
485530.28,142486.45,1624.6
537831.44,151484.95,1205.0
486527.82,40485.46,892.29
535730.9,139484.89,484.85
513128.26,36785.03,580.49
438929.16,117787.15,741.73
443328.47,82086.54,575.43
416527.69,62286.54,528.23
418627.54,47986.38,833.41
438928.83,102786.87,823.72
441928.79,97286.77,544.27
526631.88,164285.27,828.27
495128.29,60685.58,633.48
504230.86,148485.95,561.23
495028.05,44885.45,645.08
384827.85,100487.64,259.55
528728.32,40284.96,326.84
504430.37,134285.65,564.97
450129.41,121187.0,385.86
555332.08,170084.31,409.48
426829.55,142887.91,1294.22
458828.78,88486.36,1012.65
450229.12,105386.78,791.83
510931.62,168185.97,1034.2
456928.46,73486.07,831.26
426327.66,49486.3,744.46
451128.94,97486.63,423.66
448429.06,103486.79,699.17
460728.46,71585.99,826.58
458829.74,127186.82,738.22
393428.5,139488.54,2196.23
451128.54,81186.38,980.42
447929.31,118486.99,380.42
426727.77,61486.35,1001.13
459128.75,87186.34,1050.58
457829.25,109986.64,670.4
493730.9,154986.35,661.49
495127.98,41785.42,603.56
503630.31,133185.63,563.07
506328.49,64585.26,389.15
382628.25,121488.33,1239.17
492930.36,141986.22,1352.65
496528.2,56385.64,811.62
503230.68,145485.96,917.17
504228.22,52485.48,1008.25
441928.98,106386.91,917.64
528231.83,163485.24,921.66
401927.24,40486.59,373.07
442829.24,118987.09,789.22
562632.24,171883.99,371.42
416529.21,144588.09,1352.81
484027.81,44785.57,771.53
484528.19,58485.76,1012.79
509728.23,37485.08,670.2
531530.78,136284.94,460.63
490631.09,159986.56,787.31
531431.33,149785.12,1336.07
380328.14,119788.29,1115.43
489630.31,142486.33,1543.08
519131.68,160485.5,753.78
544632.06,171984.78,508.23
420927.51,43486.32,876.34
445828.95,99586.75,733.89
447428.59,85286.55,797.38
421427.71,59886.42,476.11
500430.25,137785.81,717.33
539730.69,131584.81,352.65
524228.32,36684.99,306.0
546931.53,154484.6,398.68
500430.85,151486.13,714.53
538031.42,148484.92,1084.25
546931.06,141184.73,326.09
506531.46,166486.05,1309.84
475828.64,82485.85,620.04
408228.77,136288.08,2560.05
405827.25,35086.48,472.89
408029.06,148488.33,1501.51
476029.01,97386.08,651.74
560132.27,173084.09,379.33
500429.59,103485.52,818.75
521729.66,100284.91,509.84
538529.83,106484.58,511.76
551329.11,76584.38,417.12
603431.59,163582.5,168.79
501229.96,115885.58,1125.84
538330.38,123084.76,434.67
521429.26,82484.88,374.82
551229.53,93884.31,308.3
409628.49,112287.55,788.64
477127.92,45885.72,576.03
591930.7,136683.11,186.24
477128.25,60785.77,1229.03
455329.87,139687.03,1654.77
407428.52,124787.94,1814.1
593831.36,151482.89,281.77
588332.58,188282.99,393.76
529229.71,100484.77,572.35
490928.64,74185.36,539.59
529429.38,85184.77,196.32
589532.03,175482.9,226.09
492629.12,91185.52,391.61
576231.48,157783.48,309.98
444129.74,136487.36,1029.89
423129.03,130287.75,1079.61
578131.13,144883.48,319.29
423128.71,114287.43,1344.82
440228.3,69786.31,727.46
420927.94,76486.6,575.91
420328.24,88586.88,1044.35
439128.03,54386.19,786.34
486229.99,127486.16,880.53
608931.66,169482.26,182.54
534729.76,103484.66,966.64
488129.72,114485.93,754.32
535130.21,118584.77,381.38
450129.8,138387.17,1201.28
429029.03,124587.58,1512.05
427428.0,73486.47,1287.6
392628.03,100487.51,397.63
390327.91,97487.48,284.37
459128.12,47585.83,1452.32
429928.92,111987.21,899.63
425428.2,85586.75,1114.04
591031.27,148483.0,312.63
461428.33,64485.91,776.73
393428.35,118288.13,1236.3
391527.55,82487.3,262.69
382628.44,133388.51,1695.59
495328.85,79485.34,337.5
546530.54,127484.54,917.85
504129.73,106585.42,978.45
545230.08,111384.5,341.12
495929.22,92685.47,604.64
504130.08,121485.57,380.22
598932.32,182182.5,305.05
496429.87,114085.67,737.94
544629.48,91484.5,239.52
501928.96,82485.24,441.25
381928.47,136488.54,2330.41
497430.14,127485.74,823.83
598831.83,169482.67,175.98
504129.53,99885.35,783.79
427828.46,90786.92,754.97
609931.15,151482.48,180.04
448228.14,52686.09,1158.36
459729.97,142486.97,1387.92
389428.3,119788.27,1294.32
447928.33,68286.14,1066.99
427728.05,75186.51,1260.36
389428.0,104187.7,734.25
486429.12,94385.73,689.74
537330.16,116784.72,480.0
535629.25,79484.69,256.31
569432.3,175283.64,219.6
487328.68,77185.48,529.9
536229.75,103484.63,918.32
534529.61,96484.72,312.45
417028.1,88186.87,1100.63
419728.61,112087.38,865.15
580630.95,139483.51,206.89
441129.72,138087.47,1355.02
417327.84,72486.61,609.97
420928.86,124487.68,945.55
580931.38,154483.31,253.35
423328.43,93486.97,759.08
445428.06,50886.07,1020.7
447929.67,133487.21,779.16
443628.28,65386.17,1120.07
425028.04,77886.57,1191.01
531130.35,123684.97,348.48
490628.96,85485.5,410.73
492729.69,109585.77,904.87
530529.87,107384.71,646.21
490628.54,70485.36,570.79
492930.06,124985.84,1013.01
585131.08,144683.28,300.3
454628.21,58485.96,1185.39
455428.03,44785.85,1427.37
585131.51,159483.19,198.0
520530.21,124385.33,290.22
538529.34,82684.64,197.09
602532.14,178482.38,271.79
538529.66,100184.62,568.96
521729.87,106484.89,638.41
549330.51,127484.48,773.9
600931.59,163382.57,169.17
396028.46,127788.28,2119.01
464229.89,135386.79,2553.64
601331.43,157682.6,168.88
394228.29,113187.97,897.56
586231.66,163183.15,191.85
506528.79,73785.15,422.74
596432.47,185182.65,342.5
585332.2,178483.0,320.57
506829.2,88485.17,399.43
596131.94,172482.7,198.86
404227.68,79487.07,512.52
474528.31,64885.8,1108.51
569430.97,136483.9,265.92
472129.92,133486.61,1832.31
436827.7,40486.14,790.55
414128.37,107387.4,669.26
567131.4,151483.85,368.92
473428.15,51985.75,1009.83
405127.95,92087.14,1031.22
414128.61,121587.71,1931.1
438328.03,55686.19,752.26
436629.78,142487.69,1400.12
543729.23,79484.56,349.59
575731.84,166483.44,294.61
516630.33,127485.34,517.47
518628.78,70484.93,372.54
481629.21,102086.0,709.17
482829.08,95785.88,773.95
517629.95,109785.07,546.6
574232.42,181483.44,387.2
544629.53,95184.49,501.15
519029.36,88484.92,381.41
481629.68,117686.21,794.94
481828.7,79485.63,685.1
479129.35,107886.09,806.08
528928.97,71084.8,974.3
526030.38,127185.15,382.22
478729.8,124186.35,1173.89
528729.42,88284.8,352.26
525729.95,111484.91,720.77
454428.17,50285.9,1465.5
605531.33,154482.55,179.1
431928.75,104787.03,880.99
410428.09,95987.16,1434.69
570030.88,131683.94,398.29
430029.01,121487.49,1340.91
410827.83,79886.91,398.66
454628.3,65886.02,740.41
569731.16,145483.82,312.17
512130.33,128485.44,483.49
555230.17,118484.26,426.74
512630.0,113385.23,795.46
398427.5,76487.12,342.76
470428.37,67685.86,982.19
470428.24,55385.85,1065.17
398427.85,88487.3,131.68
596430.92,142482.84,211.15
401327.78,85487.19,188.81
399128.37,111187.77,685.49
596431.42,155582.77,172.52
400627.43,70486.93,324.52
398428.48,125788.17,2084.04
468129.95,137586.77,1967.01
553729.18,79684.28,151.87
591932.01,175482.83,228.57
511929.43,94485.09,469.25
551629.71,100584.38,610.29
589632.64,189682.94,365.65
553629.58,95284.25,224.2
512329.0,79485.01,480.16
411928.54,121487.76,1747.41
573531.3,150683.48,328.53
411828.29,103487.39,1028.7
573630.92,134283.81,305.81
479428.72,83585.77,563.77
497529.95,117185.68,1188.8
580632.5,184283.24,331.29
524629.49,91484.84,453.86
477629.1,100086.1,682.71
497429.51,102385.62,830.58
526629.06,73684.87,481.53
578431.81,166483.35,231.7
517629.4,91084.95,474.61
577432.28,178483.3,278.49
483929.84,121486.18,995.12
517428.95,75484.96,267.62
578431.65,162583.38,277.77
482529.28,103585.99,647.97
588431.12,145583.15,320.28
404528.42,113887.72,658.42
416428.02,85486.85,691.37
435128.0,61086.25,813.6
403428.62,130488.12,1885.85
474530.04,135386.55,2107.88
435627.75,43886.16,603.49
414628.22,98287.24,1131.64
510029.16,85785.1,547.54
507929.85,110485.37,648.45
583632.32,180583.08,346.38
559630.46,124284.08,702.54
510128.7,70985.1,263.64
583031.69,163583.24,197.73
507030.24,127485.53,359.31
394827.96,94487.42,505.23
396127.52,79287.21,351.62
463629.84,132386.78,1647.07
463928.38,66785.91,1053.01
535230.34,123084.85,394.74
483928.88,86285.69,404.72
488229.61,109685.86,689.52
534229.84,106784.63,699.78
484828.53,73185.51,623.01
609831.56,166182.28,174.61
486129.95,124986.14,1487.85
420828.34,94487.03,885.34
440428.03,52486.17,662.38
442629.63,132787.33,552.47
440928.22,65186.2,728.42
420927.96,77186.62,774.49
504130.03,118985.54,875.79
497329.19,91285.43,465.2
544630.18,114684.59,559.0
596532.16,178282.6,322.28
503529.71,105785.42,1006.33
546230.56,127884.56,972.96
495328.67,73485.31,493.64
596531.61,163382.73,175.29
461128.24,58485.9,848.97
391527.55,82487.3,262.69
429928.98,114487.27,1337.44
389627.94,100187.52,485.19
459528.09,46485.81,1403.66
450129.72,134887.14,1568.65
429029.13,129987.67,1263.09
592231.33,150082.95,328.98
454630.0,145387.1,2119.19
474928.26,57785.84,1182.03
408428.47,122787.87,1899.14
436327.65,37586.12,887.92
407628.36,106587.47,858.6
474927.83,40485.72,677.9
549529.47,91484.37,215.33
538830.24,118584.72,450.05
603131.82,169482.51,176.03
549929.04,73884.43,441.53
537929.75,103684.61,736.89
422228.29,87986.85,1105.71
424528.69,110587.32,963.22
576231.0,141083.62,214.28
443429.78,138487.4,1358.59
423127.89,73286.47,830.22
425328.97,124487.63,1361.5
576331.4,154783.43,303.29
492929.21,93685.55,536.29
531330.18,117684.85,554.4
528929.25,79484.81,160.72
380228.37,133488.56,1930.07
490828.7,76485.39,504.36
533129.76,103184.69,1017.88
530729.64,97084.75,400.4
491530.13,128085.94,470.07
530829.78,103484.72,846.09
490729.79,115285.85,821.56
529430.25,120184.93,376.1
445128.33,68886.19,1258.0
425227.95,73886.48,1089.61
424728.33,88486.85,918.28
445528.13,55286.13,898.65
550030.47,126284.44,817.95
522029.94,109984.9,562.07
538229.6,97384.64,397.13
542429.72,101984.5,670.8
548729.4,86484.4,163.81
540029.24,79784.62,295.29
521530.27,126085.29,345.77
540630.2,115484.7,422.11
388427.95,103487.67,778.24
408328.12,97787.24,1329.87
585131.38,155283.2,200.88
456028.17,49485.88,1588.48
595331.22,148182.85,319.56
455028.22,61485.97,852.94
586630.99,142083.25,281.23
388928.26,118488.25,1181.04
409527.89,85487.02,313.36
390928.12,109287.92,686.96
459127.98,42085.78,1363.01
448328.31,66586.12,1029.6
453627.91,40485.86,1066.32
451329.73,133487.07,1072.27
427628.07,76486.54,997.21
456928.2,58085.93,950.32
459929.95,141686.95,1647.47
389528.32,121488.3,651.58
429928.56,94286.93,849.95
450028.13,50285.99,1318.26
610831.29,156882.41,161.62
505729.61,101285.3,858.08
501929.42,97485.4,636.2
380528.45,136988.58,2511.46
598631.69,165682.66,174.99
495330.09,125685.76,1001.31
546629.21,79484.48,610.81
495028.59,70485.31,558.57
506429.98,116285.45,844.06
501928.96,82485.24,441.25
544729.52,94484.49,395.54
495229.73,109585.71,921.57
598632.2,178982.51,302.91
494229.0,86185.44,437.36
580631.56,160483.33,249.89
441129.67,136487.44,675.55
418628.88,130487.86,1298.71
581531.1,144583.4,313.14
420928.68,115487.48,1447.76
535629.69,100484.67,568.96
605731.54,161082.46,166.48
486428.55,73485.47,574.35
571632.05,169483.58,301.6
535629.41,85484.68,156.5
605432.01,176982.3,246.37
486229.06,91385.69,518.74
411427.92,85486.97,363.31
429929.01,115687.3,1219.16
452728.24,61486.01,1157.39
605531.53,160182.48,165.65
452728.09,46485.89,1478.42
409628.12,97487.22,1171.1
431828.73,103487.01,739.21
526130.06,114985.0,649.79
582632.23,178483.09,275.95
479329.75,121486.3,707.93
526630.47,130485.17,517.09
581431.63,162183.29,286.18
478729.21,103586.09,638.61
400628.03,94487.33,667.07
398427.56,79187.18,399.31
466329.81,130686.74,1974.41
470328.36,64885.88,1019.59
513729.22,85685.0,489.3
510929.95,112485.28,662.99
554830.29,121584.24,393.57
515428.79,71985.0,251.19
511030.29,127485.45,438.65
595332.03,175282.68,286.41
508229.4,94485.19,411.51
556929.8,102384.27,507.03
595132.7,190482.74,325.81
508628.92,77185.1,402.49
396227.8,88387.31,221.87
396128.31,110887.84,700.76
602131.34,154582.62,185.56
398427.39,71387.0,275.89
396128.46,127488.27,2077.24
465829.93,137886.8,2053.82
481728.81,85485.75,503.33
543929.52,94484.51,417.53
574032.48,182983.46,400.61
515830.04,115485.19,652.57
483129.14,98385.91,553.75
516730.37,128785.34,565.23
573932.01,169483.48,331.42
542929.16,76584.59,655.43
414928.62,121387.7,1918.62
436629.81,144187.73,2205.72
472628.19,53085.76,1052.66
567231.38,150983.84,375.86
405127.93,90887.14,1082.31
415328.3,103587.33,1041.5
403027.6,76387.02,280.94
568330.95,135583.94,347.63
472728.34,67485.81,766.04
435127.87,49486.2,600.09
413628.25,101387.34,1166.51
414128.13,94487.08,1297.87
404128.55,125288.01,2071.66
405927.59,71286.85,295.95
472630.05,137286.64,2036.2
414028.53,115587.54,1101.93
415827.91,79486.77,353.69
435128.0,61486.25,715.37
589631.33,150383.04,319.17
405128.44,109787.51,902.98
406727.91,88487.1,951.67
483629.51,109385.98,820.34
524428.9,70484.86,932.23
544630.56,127584.61,635.42
515729.08,79484.96,399.33
483929.87,123586.2,1352.42
523629.39,87784.86,346.21
517629.41,91584.95,436.83
542630.1,112584.59,625.0
393927.41,76487.22,287.38
464028.39,67485.92,995.83
464228.23,52485.89,1160.05
395527.79,88587.33,222.8
508430.35,130485.52,555.41
582931.9,169483.17,196.68
559730.35,121484.05,512.33
583932.49,184383.12,361.14
508429.99,115185.37,980.63
512828.9,76385.02,251.02
553729.71,99484.34,448.41
590832.41,184482.87,387.44
511629.27,88585.07,392.89
591131.9,172482.88,195.27
555829.32,85384.22,310.94
400428.56,129088.18,1980.95
470229.92,135286.69,2376.76
596431.51,160082.74,173.65
596431.51,160182.74,173.65
398628.39,115087.93,888.12
596831.09,145382.79,240.34
578631.79,165783.35,310.1
526029.15,76584.9,230.08
498329.57,103985.62,863.05
479429.01,94985.97,722.83
524929.55,93784.82,495.71
580632.32,180183.19,319.1
497429.98,118685.69,936.87
479128.66,79585.7,590.46
572030.96,136683.82,281.32
433527.7,43486.19,676.02
411028.44,109287.47,790.91
573831.4,154483.48,300.69
410028.51,122787.83,1868.62
432127.89,56486.26,531.99
453929.99,145187.11,2120.22
526328.35,42984.96,470.81
526931.53,154485.25,749.52
497430.4,141486.07,909.1
564230.8,130684.08,442.52
525028.53,58485.01,243.85
528830.93,141685.06,952.54
497931.06,157486.29,670.3
562831.33,148184.06,371.38
410128.75,133388.02,2063.3
432128.06,68186.39,705.02
434128.28,78786.58,928.0
432128.58,94286.89,814.47
409729.04,145488.24,2484.2
431427.84,53786.26,654.03
515431.49,157985.57,815.89
486127.79,38285.44,850.17
552930.75,134084.44,343.2
514130.85,144585.65,760.33
551431.49,151484.48,268.96
466828.91,97486.28,438.28
402927.3,43586.6,87.3
493331.23,162386.5,1054.33
545931.97,169484.72,414.12
465928.69,82886.14,794.19
421527.46,37486.28,903.12
546931.73,163084.58,453.4
461429.15,105386.52,306.23
625330.9,151282.06,157.21
396628.62,145288.56,2655.68
463629.62,121486.67,373.72
508628.25,43985.2,657.98
509228.39,58485.23,737.2
412328.92,138688.06,2501.59
436528.27,73386.44,610.26
436729.28,127487.39,1299.8
472228.95,96586.13,604.55
474729.07,100486.16,676.71
407427.4,47186.6,245.45
436128.49,88286.77,670.48
438929.02,111987.02,897.01
412529.29,153488.41,1908.16
471528.65,81385.96,639.66
474429.6,117486.37,642.06
481730.0,131486.3,1140.59
481628.35,66985.65,561.72
522128.4,46485.02,177.84
518031.42,154485.55,894.8
517328.33,43285.08,250.67
481630.46,148286.61,1407.58
479427.97,50185.7,1270.2
517930.75,139685.46,1084.45
522128.66,64484.96,732.56
517328.52,58485.09,266.73
481630.6,151486.64,2041.72
522531.01,145485.25,1457.02
519928.61,61485.05,422.58
481030.04,133486.34,1035.76
518528.34,43485.07,251.02
523331.69,158885.36,911.9
436728.5,88486.77,651.2
413927.59,55486.5,535.97
405428.84,143488.27,2514.72
472629.63,119586.43,735.13
411927.71,68686.69,366.18
438928.33,75186.42,695.66
472629.14,103586.25,439.6
558031.56,154084.19,334.27
506828.32,56285.34,1013.48
510830.68,140885.69,792.8
555931.01,139484.35,241.64
490127.8,35185.38,497.36
507628.24,43485.22,858.5
510231.2,154485.79,1153.22
464729.43,115486.56,400.2
462728.68,81986.19,1026.44
550731.84,165184.49,368.13
589832.75,192282.94,375.99
463829.01,100486.4,424.35
461728.94,97486.41,289.78
400928.68,139488.33,2004.01
465929.7,124386.68,632.23
566332.44,178483.76,239.96
618931.06,154382.19,160.59
466929.21,106786.42,380.01
400627.23,40986.62,323.0
401329.01,154488.68,1505.9
418627.43,37486.34,528.4
565731.83,161783.86,336.86
495131.31,163586.44,754.82
514028.51,61485.09,826.13
553631.43,148484.45,260.44
514628.34,49385.12,207.6
554730.59,130684.38,461.99
433629.07,115487.21,1369.5
454628.68,85586.41,837.82
430529.58,139487.8,699.56
432329.16,127487.52,1337.36
453928.4,72486.08,1102.2
527628.56,61484.92,424.18
561331.44,150684.1,449.63
561130.8,133484.14,418.77
495127.92,38185.37,702.98
587732.69,190683.01,398.15
524831.98,167885.36,791.4
418627.51,45786.37,804.73
442328.87,99686.79,777.82
441328.46,83386.62,589.97
416527.67,60386.52,584.95
513128.27,37485.04,510.68
537630.82,136484.86,369.95
537131.44,150584.96,1342.96
485630.28,142586.45,1625.79
457628.55,78986.24,850.42
512731.64,166285.86,1014.66
391628.43,131688.44,1477.87
427627.57,40486.22,828.03
451229.16,107486.76,795.42
458828.83,91486.4,548.82
555532.17,172584.32,349.06
450729.53,124487.03,410.82
426729.54,142487.9,1185.14
429827.83,57786.29,595.32
504130.4,136485.72,528.59
526928.31,36784.97,299.93
492928.05,47885.53,674.27
567131.71,159883.8,285.28
384127.75,96287.6,172.34
504631.08,154486.02,682.68
566231.2,145483.94,324.5
495128.36,62785.52,645.17
520130.62,135885.36,896.14
519928.32,36785.0,320.47
499628.53,67485.35,822.17
541430.94,139484.88,365.77
520331.25,150485.39,1533.06
542431.45,151984.73,1174.12
500528.19,51285.52,945.17
616231.16,156782.23,279.06
455428.43,73086.07,1020.2
474929.85,129086.48,1357.35
388728.48,137388.56,2199.28
414127.34,33286.39,475.77
455228.68,85486.4,947.49
476629.57,115486.32,498.77
488427.89,44285.5,655.06
489028.3,61485.7,548.04
447429.08,106486.85,941.13
517631.83,166885.7,916.28
575530.81,129183.84,466.83
523931.74,160485.37,711.15
398227.15,38686.65,283.24
445729.3,119387.04,688.08
422629.4,144387.92,1443.76
443729.19,116487.0,728.45
447928.53,82086.46,775.79
422727.76,63986.43,657.53
420927.56,47486.35,690.89
445629.02,103486.82,708.3
447928.9,97086.68,425.56
542831.82,166484.77,450.19
380428.13,121788.33,714.46
492928.2,56185.76,609.51
488430.27,141986.36,1658.24
531631.43,152385.17,1221.15
492227.96,43485.46,667.19
490430.85,154686.45,875.43
531230.82,137484.94,621.71
509628.23,37385.08,688.46
558932.18,171084.13,400.84
409429.03,145488.24,2469.97
477028.96,94486.01,530.75
475128.57,76485.8,767.07
506431.48,167186.06,1374.29
406427.3,39586.51,357.12
407428.7,133488.05,2194.63
546931.28,145484.66,440.58
499830.75,149286.12,1409.16
548631.67,159984.51,415.94
523428.33,40085.01,363.74
500130.19,136485.77,586.41
504328.22,52785.47,1023.19
382628.25,121388.32,1243.13
493230.44,143686.24,1258.8
505928.58,67685.22,304.81
492931.15,160486.49,891.85
384927.87,106187.83,549.67
457429.31,114186.72,506.5
450128.61,84486.49,760.37
426827.77,61386.35,1017.47
458029.8,130486.84,1169.35
515431.57,160485.63,609.86
393928.48,135788.49,1755.92
425527.57,43586.28,668.83
452329.0,99286.64,533.27
534331.16,145484.95,1267.15
486128.34,64485.64,793.29
533430.6,131384.95,732.29
483927.83,46585.62,606.42
562632.3,173583.98,354.91
441429.28,122087.2,942.28
420927.66,55486.43,607.61
417929.08,139588.06,1986.01
402627.2,36186.54,400.83
420327.51,43286.33,969.17
441929.0,108586.92,941.72
